"","code","id","country","year","law","gdpcap","oda","polity","vote_un","conflict","ciri_physical","ciri_empower","ngo_member","compete","yrsoffc","party_orient","opposition","region_context","common_law"
"1","AFG",2,"Afghanistan",1993,0,NA,3.6e+08,20,0.25,1,NA,NA,85,0,1,0,"0",0.157895,0
"2","AFG",2,"Afghanistan",1994,0,NA,3.5e+08,20,0.311111,1,NA,NA,87,0,2,0,"0",0.157895,0
"3","AFG",2,"Afghanistan",1995,0,NA,3.1e+08,20,0.22807,1,NA,NA,84,0,3,0,"0",0.157895,0
"4","AFG",2,"Afghanistan",1996,0,NA,2.4e+08,13,0.340426,1,0,3,89,0,4,0,"0",0.157895,0
"5","AFG",2,"Afghanistan",1997,0,NA,3.7e+08,13,0.234043,1,0,3,86,0,1,0,"0",0.157895,0
"6","AFG",2,"Afghanistan",1998,0,NA,2.7e+08,13,0.3125,1,0,0,82,0,2,0,"0",0.157895,0
"7","AFG",2,"Afghanistan",1999,0,NA,2.2e+08,13,0.190476,1,0,2,76,0,3,0,"0",0.157895,0
"8","AFG",2,"Afghanistan",2000,0,NA,2.4e+08,13,0.2,1,0,1,69,0,4,0,"0",0.210526,0
"9","AFG",2,"Afghanistan",2001,0,NA,7.6e+08,NA,0.16129,1,0,0,67,0,5,0,"0",0.210526,0
"10","AFG",2,"Afghanistan",2002,0,231.973,2e+09,NA,0.176471,1,3,2,67,0,1,NA,"0",0.263158,0
"11","AFG",2,"Afghanistan",2003,0,241.621,2.2e+09,NA,0.153846,1,NA,NA,78,0,2,NA,"0",0.263158,0
"12","AFG",2,"Afghanistan",2004,0,234.997,2.8e+09,NA,0.117647,1,NA,NA,85,2,3,NA,"0",0.315789,0
"13","AFG",2,"Afghanistan",2005,1,252.408,3.4e+09,NA,0.118644,1,4,2,105,1,4,NA,"0",0.421053,0
"14","DZA",50,"Algeria",1993,0,2385.34,5.3e+08,13,0.222222,1,2,6,624,0,1,0,"0",0.157895,0
"15","DZA",50,"Algeria",1994,0,2314.94,4.8e+08,13,0.346154,1,2,4,623,0,2,0,"0",0.157895,0
"16","DZA",50,"Algeria",1995,0,2356.78,4.1e+08,17,0.238095,1,0,3,589,2,1,0,"0",0.157895,0
"17","DZA",50,"Algeria",1996,0,2409.86,4.3e+08,17,0.309091,1,3,6,646,0,2,0,"0",0.157895,0
"18","DZA",50,"Algeria",1997,0,2396.21,3.9e+08,17,0.26,1,0,6,655,2,3,0,"0",0.157895,0
"19","DZA",50,"Algeria",1998,0,2479.6,6.6e+08,17,0.244444,1,4,4,675,0,4,0,"0",0.157895,0
"20","DZA",50,"Algeria",1999,0,2521.65,2.2e+08,17,0.22,1,0,6,666,2,5,0,"0",0.157895,0
"21","DZA",50,"Algeria",2000,0,2541.12,3.5e+08,17,0.22449,1,4,7,680,0,1,3,"0",0.210526,0
"22","DZA",50,"Algeria",2001,0,2572.26,3.6e+08,17,0.137255,1,4,7,683,0,2,3,"0",0.210526,0
"23","DZA",50,"Algeria",2002,0,2658.2,3.3e+08,17,0.12069,1,2,6,684,2,3,3,"0",0.263158,0
"24","DZA",50,"Algeria",2003,0,2804.55,3.4e+08,17,0.138462,1,1,4,728,0,4,3,"9.5",0.263158,0
"25","DZA",50,"Algeria",2004,0,2910.02,4e+08,12,0.101695,1,5,4,724,2,5,3,"9.5",0.315789,0
"26","DZA",50,"Algeria",2005,0,3013.44,4.3e+08,12,0.081967,1,5,3,725,0,6,3,"9.5",0.421053,0
"27","DZA",50,"Algeria",2006,0,3025.05,2.9e+08,12,0.066667,1,1,5,745,0,7,3,"9.5",0.421053,0
"28","DZA",50,"Algeria",2007,0,3063.43,4.3e+08,12,0.045455,1,4,5,740,2,8,3,"9.5",0.421053,0
"29","DZA",50,"Algeria",2008,0,3081.78,3.2e+08,12,0.064516,1,5,3,NA,0,9,3,"5.0900001530000001",0.473684,0
"30","DZA",50,"Algeria",2009,0,3098.68,3.3e+08,12,0.142857,1,6,3,NA,2,10,3,"5.0900001530000001",0.473684,0
"31","DZA",50,"Algeria",2010,0,3151.38,2.1e+08,12,0.132075,1,5,3,NA,0,11,3,"5.0900001530000001",0.526316,0
"32","DZA",50,"Algeria",2011,0,3167.18,2e+08,12,0.156863,1,NA,NA,NA,0,12,3,"5.0900001530000001",0.631579,0
"33","DZA",50,"Algeria",2012,1,3185.72,NA,NA,0.153846,0,NA,NA,NA,NA,13,3,"5.0900001530000001",0.684211,0
"34","AGO",3,"Angola",1993,0,993.898,4.8e+08,19,0.194444,1,2,7,208,0,14,3,"34.099998470000003",0.041667,0
"35","AGO",3,"Angola",1994,0,996.162,7.1e+08,19,0.296296,1,2,3,27,0,15,3,"34.099998470000003",0.041667,0
"36","AGO",3,"Angola",1995,0,1066.92,6.1e+08,18,0.409091,1,1,0,192,0,16,3,"34.099998470000003",0.041667,0
"37","AGO",3,"Angola",1996,0,1153.35,6.8e+08,18,0.327273,1,0,3,208,0,17,3,"34.099998470000003",0.0625,0
"38","AGO",3,"Angola",1997,0,1211.44,5.8e+08,17,0.181818,1,0,4,214,0,18,3,"34.099998470000003",0.0625,0
"39","AGO",3,"Angola",1998,0,1259.79,5.5e+08,17,0.255814,1,1,3,213,0,19,3,"34.099998470000003",0.083333,0
"40","AGO",3,"Angola",1999,0,1264.69,6.2e+08,17,0.2,1,2,3,217,0,20,3,"34.099998470000003",0.145833,0
"41","AGO",3,"Angola",2000,0,1264.02,5.1e+08,17,0.378378,1,1,6,236,0,21,3,"34.099998470000003",0.166667,0
"42","AGO",3,"Angola",2001,0,1262.01,4.9e+08,17,0.181818,1,1,3,238,0,22,3,"34.099998470000003",0.1875,0
"43","AGO",3,"Angola",2002,1,1396.23,6.5e+08,18,0.137255,1,2,5,242,0,23,3,"34.099998470000003",0.208333,0
"44","AZE",11,"Azerbaijan",1993,0,942.145,3.8e+07,17,0.314286,1,3,4,64,2,1,0,".",0,0
"45","AZE",11,"Azerbaijan",1994,0,746.385,2.3e+08,17,0.439024,1,3,4,92,0,1,0,".",0,0
"46","AZE",11,"Azerbaijan",1995,0,650.773,1.7e+08,14,0.333333,1,4,5,124,2,2,0,".",0,0
"47","AZE",11,"Azerbaijan",1996,0,652.609,1.4e+08,14,0.418605,0,3,4,150,2,3,0,".",0,0
"48","AZE",11,"Azerbaijan",1997,0,683.832,2.7e+08,14,0.365854,0,3,7,150,0,4,0,".",0,0
"49","AZE",11,"Azerbaijan",1998,0,745.109,1.8e+08,13,0.315789,0,4,4,192,2,5,0,".",0,0
"50","AZE",11,"Azerbaijan",1999,0,793.255,2.5e+08,13,0.317073,0,5,6,223,0,6,0,".",0,0
"51","AZE",11,"Azerbaijan",2000,0,874.096,2e+08,13,0.27907,0,4,4,243,2,7,0,"6.3099999430000002",0,0
"52","AZE",11,"Azerbaijan",2001,0,953.218,3.4e+08,13,0.146341,0,5,6,267,2,8,0,"6.3099999430000002",0,0
"53","AZE",11,"Azerbaijan",2002,0,1046.42,5.1e+08,13,0.150943,0,4,5,291,0,9,0,"6.3099999430000002",0,0
"54","AZE",11,"Azerbaijan",2003,0,1154.84,4e+08,13,0.142857,0,3,3,321,2,10,0,"6.3099999430000002",0.166667,0
"55","AZE",11,"Azerbaijan",2004,1,1261.54,2.2e+08,13,0.113208,0,3,4,337,0,1,0,"6.3099999430000002",0.166667,0
"56","BHR",18,"Bahrain",1993,0,14602.9,1.7e+08,11,0.227273,0,5,6,233,0,22,0,"0",0.157895,0
"57","BHR",18,"Bahrain",1994,0,14209.4,1.4e+08,11,0.367347,0,6,4,252,0,23,0,"0",0.157895,0
"58","BHR",18,"Bahrain",1995,0,14386.5,1.3e+08,11,0.258065,0,4,3,263,0,24,0,"0",0.157895,0
"59","BHR",18,"Bahrain",1996,0,14565.2,1.8e+08,11,0.363636,0,3,5,264,0,25,0,"0",0.157895,0
"60","BHR",18,"Bahrain",1997,0,14570.7,2.3e+08,11,0.297872,0,5,5,264,0,26,0,"0",0.157895,0
"61","BHR",18,"Bahrain",1998,0,14770.8,3.1e+08,11,0.270833,0,3,4,276,0,27,0,"0",0.157895,0
"62","BHR",18,"Bahrain",1999,0,14844,9.3e+07,11,0.254902,0,5,5,288,0,28,0,"0",0.157895,0
"63","BHR",18,"Bahrain",2000,0,14991.6,9.4e+07,11,0.217391,0,3,4,312,0,1,0,"0",0.210526,0
"64","BHR",18,"Bahrain",2001,0,14996.5,1.2e+08,12,0.14,0,6,5,316,0,2,0,"0",0.210526,0
"65","BHR",18,"Bahrain",2002,1,15057.1,9.6e+07,13,0.118644,0,7,6,320,0,3,0,"0",0.263158,0
"66","BHR",18,"Bahrain",2003,0,15315.1,1.8e+08,3,0.123077,0,7,6,341,NA,NA,NA,"0",4,0
"67","BHR",18,"Bahrain",2004,0,15217.8,7.3e+07,3,0.1,0,6,6,347,NA,NA,NA,"0",5,0
"68","BHR",18,"Bahrain",2005,0,15303.8,NA,3,0.080645,0,6,3,351,NA,NA,NA,"0",6,0
"69","BLR",21,"Belarus",1993,0,1911.9,2.6e+08,NA,0.375,0,7,7,164,0,2,3,".",0,0
"70","BLR",21,"Belarus",1994,0,1690.19,1.6e+08,NA,0.5,0,7,7,222,2,3,3,".",0,0
"71","BLR",21,"Belarus",1995,0,1519.31,2.8e+08,NA,0.384615,0,5,5,291,2,1,0,".",0,0
"72","BLR",21,"Belarus",1996,0,1567.08,1e+08,NA,0.5,0,4,3,337,0,2,0,".",0,0
"73","BLR",21,"Belarus",1997,0,1753.15,6.1e+07,NA,0.390244,0,5,2,337,0,3,0,".",0,0
"74","BLR",21,"Belarus",1998,0,1909.47,4.6e+07,NA,0.3,0,4,3,439,0,4,0,"0",0,0
"75","BLR",21,"Belarus",1999,0,1981.08,4.4e+07,NA,0.244444,0,5,3,474,0,5,0,"0",0,0
"76","BLR",21,"Belarus",2000,0,2102.27,3.6e+07,NA,0.26,0,4,4,484,2,6,0,"0",0,0
"77","BLR",21,"Belarus",2001,1,2218.69,5.2e+07,NA,0.162791,0,5,2,500,2,7,0,"0",0,0
"78","BLR",21,"Belarus",2002,0,2345.51,5.4e+07,NA,0.115385,0,5,1,524,0,8,0,"0",0,0
"79","BLR",21,"Belarus",2003,0,2528.13,6.1e+07,NA,0.152542,0,5,1,553,0,9,0,"0",0.166667,0
"80","BLR",21,"Belarus",2004,0,2837,6e+07,NA,0.075472,0,3,2,574,2,10,0,"0",0.166667,0
"81","BLR",21,"Belarus",2005,0,3126.37,6.9e+07,NA,0.105263,0,5,1,587,0,11,0,"0",0.25,0
"82","BLR",21,"Belarus",2006,0,3460.07,9e+07,NA,0.086957,0,4,1,612,2,12,0,"0",0.25,0
"83","BLR",21,"Belarus",2007,0,3776.57,8.9e+07,NA,0.063492,0,4,3,615,0,13,0,"0",0.333333,0
"84","BLR",21,"Belarus",2008,0,4177.59,1.1e+08,NA,0.086207,0,4,4,NA,2,14,0,"0",0.333333,0
"85","BLR",21,"Belarus",2009,0,4193.66,1.1e+08,NA,0.142857,0,3,2,NA,0,15,0,"0",0.416667,0
"86","BLR",21,"Belarus",2010,0,4524.67,1.5e+08,NA,0.145833,0,2,2,NA,2,16,0,"0",0.5,0
"87","BLZ",22,"Belize",1993,0,3200.82,4.7e+07,NA,0.292683,0,6,13,184,0,4,1,"48.112000007629298",0.114286,1
"88","BLZ",22,"Belize",1994,0,3143.64,4.9e+07,NA,0.372093,0,7,14,188,0,1,1,"51.229999540000001",0.142857,1
"89","BLZ",22,"Belize",1995,0,3093.35,2.5e+07,NA,0.354839,0,7,13,194,0,2,1,"51.229999540000001",0.142857,1
"90","BLZ",22,"Belize",1996,0,3057.58,2.9e+07,NA,0.415094,0,7,13,199,0,3,1,"51.229999540000001",0.142857,1
"91","BLZ",22,"Belize",1997,0,3077.45,2.1e+07,NA,0.306122,0,7,13,199,0,4,1,"51.229999540000001",0.142857,1
"92","BLZ",22,"Belize",1998,0,3098.98,2.3e+07,NA,0.238095,0,7,13,204,NA,5,1,"51.229999540000001",0.142857,1
"93","BLZ",22,"Belize",1999,0,3272.55,6.2e+07,NA,0.266667,0,7,13,212,0,1,1,"39.112000007629298",0.142857,1
"94","BLZ",22,"Belize",2000,0,3594.96,2.5e+07,NA,0.333333,0,5,13,214,0,2,1,"39.112000007629298",0.142857,1
"95","BLZ",22,"Belize",2001,0,3671.42,3.6e+07,NA,0.162162,0,7,13,206,0,3,1,"39.120000076293898",0.142857,1
"96","BLZ",22,"Belize",2002,0,3757.96,3.4e+07,NA,0.169492,0,6,11,198,0,4,1,"39.112000007629298",0.142857,1
"97","BLZ",22,"Belize",2003,1,4003.61,1.6e+07,NA,0.15873,0,6,13,222,NA,5,1,"39.112000007629298",0.2,1
"98","BEN",14,"Benin",1993,0,465.945,4.4e+08,16,0.238095,0,8,10,327,0,2,3,"0",0.041667,0
"99","BEN",14,"Benin",1994,0,458.571,3.8e+08,16,0.36,0,6,12,343,0,3,3,"0",0.041667,0
"100","BEN",14,"Benin",1995,0,470.136,3.8e+08,16,0.283333,0,8,11,291,2,4,3,"0",0.041667,0
"101","BEN",14,"Benin",1996,0,475.325,3.9e+08,16,0.350877,0,8,11,365,2,5,0,".",0.0625,0
"102","BEN",14,"Benin",1997,0,487.969,3.4e+08,16,0.27451,0,8,11,365,0,1,0,".",0.0625,0
"103","BEN",14,"Benin",1998,0,492.947,3.1e+08,16,0.255319,0,7,13,369,0,2,0,".",0.083333,0
"104","BEN",14,"Benin",1999,0,504.332,3.2e+08,16,0.212766,0,8,11,370,2,3,0,".",0.145833,0
"105","BEN",14,"Benin",2000,0,512.955,4.2e+08,16,0.266667,0,7,13,378,0,4,0,"22.690000529999999",0.166667,0
"106","BEN",14,"Benin",2001,0,527.874,4.7e+08,16,0.173913,0,7,11,378,2,5,0,"22.690000529999999",0.1875,0
"107","BEN",14,"Benin",2002,0,533.383,3.6e+08,16,0.090909,0,7,10,382,0,6,0,"22.690000529999999",0.208333,0
"108","BEN",14,"Benin",2003,1,535.954,4.1e+08,16,0.153846,0,6,10,401,2,7,0,"22.690000529999999",0.25,0
"109","BTN",28,"Bhutan",1993,0,705.206,9.5e+07,10,0.222222,0,2,3,49,0,23,0,"0",0.227273,1
"110","BTN",28,"Bhutan",1994,0,750.928,1e+08,10,0.342105,0,4,4,52,0,24,0,"0",0.227273,1
"111","BTN",28,"Bhutan",1995,0,807.971,9.2e+07,10,0.368421,0,4,3,48,0,25,0,"0",0.227273,1
"112","BTN",28,"Bhutan",1996,0,847.13,8.1e+07,10,0.32,0,6,4,56,0,26,0,"0",0.227273,1
"113","BTN",28,"Bhutan",1997,0,878.005,1e+08,10,0.255319,0,5,4,59,0,27,0,"0",0.227273,1
"114","BTN",28,"Bhutan",1998,0,907.994,9.1e+07,10,0.206897,0,5,4,60,0,28,0,"0",0.227273,1
"115","BTN",28,"Bhutan",1999,0,953.925,1e+08,10,0.208333,0,5,2,61,0,29,0,"0",0.227273,1
"116","BTN",28,"Bhutan",2000,0,991.591,9.1e+07,10,0.162162,0,4,4,69,0,30,0,"0",0.272727,1
"117","BTN",28,"Bhutan",2001,0,1042.39,1.1e+08,10,0.170732,0,6,3,67,0,31,0,"0",0.318182,1
"118","BTN",28,"Bhutan",2002,0,1120.34,1.2e+08,10,0.119048,0,5,4,68,0,32,0,"0",0.304348,1
"119","BTN",28,"Bhutan",2003,0,1171.12,1.1e+08,10,0.139535,0,5,4,84,0,33,0,"0",0.347826,1
"120","BTN",28,"Bhutan",2004,0,1205.92,1e+08,10,0.076923,0,6,4,86,0,34,0,"0",0.347826,1
"121","BTN",28,"Bhutan",2005,0,1258.99,1.1e+08,14,0.076923,0,6,3,92,0,35,0,"0",0.434783,1
"122","BTN",28,"Bhutan",2006,0,1314.6,1.3e+08,14,0.076923,0,6,3,94,0,36,0,"0",0.478261,1
"123","BTN",28,"Bhutan",2007,1,1518.77,1.1e+08,14,0.074074,0,6,4,98,1,1,0,"0",0.521739,1
"124","BOL",24,"Bolivia",1993,0,866.707,8.6e+08,19,0.27907,0,6,10,587,2,4,3,"22.979999540000001",0.114286,0
"125","BOL",24,"Bolivia",1994,0,886.371,8.2e+08,19,0.415094,0,6,12,595,0,1,2,"20",0.142857,0
"126","BOL",24,"Bolivia",1995,0,906.987,9.4e+08,19,0.323077,0,5,12,612,0,2,2,"20",0.142857,0
"127","BOL",24,"Bolivia",1996,0,925.74,1.1e+09,19,0.413793,0,7,12,613,0,3,2,"20",0.142857,0
"128","BOL",24,"Bolivia",1997,0,950.71,1e+09,19,0.37037,0,7,12,613,2,4,2,"20",0.142857,0
"129","BOL",24,"Bolivia",1998,0,977.489,9.7e+08,19,0.297872,0,4,12,650,0,1,1,"17.700000760000002",0.142857,0
"130","BOL",24,"Bolivia",1999,0,961.351,8.6e+08,19,0.306122,0,7,11,658,0,2,1,"17.700000760000002",0.142857,0
"131","BOL",24,"Bolivia",2000,0,965.408,7.7e+08,19,0.307692,0,4,11,683,0,3,1,"17.700000760000002",0.142857,0
"132","BOL",24,"Bolivia",2001,0,961.983,1.2e+09,19,0.192308,0,7,11,676,0,4,1,"17.700000760000002",0.142857,0
"133","BOL",24,"Bolivia",2002,0,966.464,1.1e+09,19,0.193548,0,7,11,683,2,1,1,"17.700000760000002",0.142857,0
"134","BOL",24,"Bolivia",2003,0,973.574,1.3e+09,18,0.2,0,4,10,722,0,1,2,"20.899999619999999",0.2,0
"135","BOL",24,"Bolivia",2004,0,995.347,9.7e+08,18,0.180328,0,6,10,735,0,1,2,"20.899999619999999",0.257143,0
"136","BOL",24,"Bolivia",2005,0,1020.79,7.9e+08,18,0.180328,0,6,10,746,2,2,2,"20.899999619999999",0.314286,0
"137","BOL",24,"Bolivia",2006,0,1051.47,1e+09,18,0.088235,0,6,10,747,2,1,3,"28.590000150000002",0.314286,0
"138","BOL",24,"Bolivia",2007,1,1081.39,5.5e+08,18,0.061224,0,6,10,749,0,2,3,"28.590000150000002",0.342857,0
"139","BDI",12,"Burundi",1993,0,202.729,3.4e+08,20,0.2,0,NA,NA,217,2,6,0,"0",0.041667,0
"140","BDI",12,"Burundi",1994,0,191.496,4.6e+08,20,0.302326,1,NA,NA,231,0,1,0,"21.86000061",0.041667,0
"141","BDI",12,"Burundi",1995,0,173.562,3.9e+08,20,0.25,1,NA,NA,194,0,2,0,"21.86000061",0.041667,0
"142","BDI",12,"Burundi",1996,0,157.532,1.6e+08,15,0.307692,1,1,6,240,0,3,0,"21.86000061",0.0625,0
"143","BDI",12,"Burundi",1997,0,153.2,9.1e+07,15,0.181818,1,0,5,234,0,1,0,"21.86000061",0.0625,0
"144","BDI",12,"Burundi",1998,0,158.533,1.1e+08,19,0.285714,1,0,6,231,0,2,0,"21.86000061",0.083333,0
"145","BDI",12,"Burundi",1999,1,154.591,1.2e+08,19,NA,1,1,4,229,0,3,0,"21.86000061",0.145833,0
"146","CMR",36,"Cameroon",1993,0,826.766,1.1e+09,16,0.236842,0,1,5,491,0,11,0,".",0.041667,0
"147","CMR",36,"Cameroon",1994,0,783.622,6.1e+08,16,0.333333,0,2,6,518,0,12,0,".",0.041667,0
"148","CMR",36,"Cameroon",1995,0,787.246,5.7e+08,16,0.266667,0,4,3,534,0,13,0,".",0.041667,0
"149","CMR",36,"Cameroon",1996,0,804.243,7.7e+08,16,0.352941,1,4,5,542,0,14,0,".",0.0625,0
"150","CMR",36,"Cameroon",1997,0,822.706,7.8e+08,16,0.255319,0,3,6,542,2,15,0,".",0.0625,0
"151","CMR",36,"Cameroon",1998,0,841.371,6.7e+08,16,0.282051,0,1,6,559,0,16,0,".",0.083333,0
"152","CMR",36,"Cameroon",1999,1,855.368,6.4e+08,16,0.214286,0,2,6,567,0,17,0,".",0.145833,0
"153","CHN",34,"China",1993,0,634.176,4.6e+09,13,0.139535,0,3,1,955,0,4,3,"0",0.227273,0
"154","CHN",34,"China",1994,0,709.192,4.2e+09,13,0.255319,0,0,1,1013,0,5,3,"0",0.227273,0
"155","CHN",34,"China",1995,0,777.994,4.2e+09,13,0.180328,0,0,1,1079,0,6,3,"0",0.227273,0
"156","CHN",34,"China",1996,0,846.871,3.4e+09,13,0.25,0,3,1,1136,0,7,3,"0",0.227273,0
"157","CHN",34,"China",1997,0,916.205,3e+09,13,0.215686,0,2,1,1136,0,8,3,"0",0.227273,0
"158","CHN",34,"China",1998,0,978.237,3.6e+09,13,0.184211,0,2,1,1258,0,9,3,"0",0.227273,0
"159","CHN",34,"China",1999,0,1043.51,3.3e+09,13,0.139535,0,2,1,1275,0,10,3,"0",0.227273,0
"160","CHN",34,"China",2000,0,1122.29,2.5e+09,13,0.2,0,3,1,1366,0,11,3,"0",0.272727,0
"161","CHN",34,"China",2001,0,1206.64,2.4e+09,13,0.12766,0,2,1,1406,0,12,3,"0",0.318182,0
"162","CHN",34,"China",2002,0,1307.65,2.3e+09,13,0.127273,0,1,1,1471,0,13,3,"0",0.304348,0
"163","CHN",34,"China",2003,0,1429.48,1.8e+09,13,0.114754,0,1,1,1568,0,14,3,"0",0.347826,0
"164","CHN",34,"China",2004,0,1564.54,2.1e+09,13,0.086207,0,1,1,1612,0,1,3,"0",0.347826,0
"165","CHN",34,"China",2005,0,1731.13,2.3e+09,13,0.081967,0,0,1,1654,0,2,3,"0",0.434783,0
"166","CHN",34,"China",2006,0,1940.11,1.6e+09,13,0.083333,0,1,3,1705,0,3,3,"0",0.478261,0
"167","CHN",34,"China",2007,0,2204.07,1.7e+09,13,0.079365,0,1,0,1704,0,4,3,"0",0.521739,0
"168","CHN",34,"China",2008,0,2403.31,1.6e+09,13,0.101695,0,1,0,NA,0,5,3,"0",0.521739,0
"169","CHN",34,"China",2009,1,2611.4,1.2e+09,13,0.132075,0,0,0,NA,0,6,3,"0",0.608696,0
"170","ECU",51,"Ecuador",1993,0,2686.23,3.7e+08,19,0.25,0,4,10,638,0,1,3,".",0.114286,0
"171","ECU",51,"Ecuador",1994,0,2740.15,3.2e+08,19,0.37037,0,6,12,654,2,2,3,".",0.142857,0
"172","ECU",51,"Ecuador",1995,0,2742.36,3e+08,19,0.33871,1,5,13,691,0,3,3,".",0.142857,0
"173","ECU",51,"Ecuador",1996,0,2731.59,3.5e+08,19,0.37931,0,4,12,694,2,4,3,".",0.142857,0
"174","ECU",51,"Ecuador",1997,0,2791.33,2.3e+08,18,0.352941,0,4,12,694,2,1,0,".",0.142857,0
"175","ECU",51,"Ecuador",1998,0,2824.3,2.8e+08,19,0.318182,0,6,14,718,2,1,3,"11.869999890000001",0.142857,0
"176","ECU",51,"Ecuador",1999,0,2636.9,2.3e+08,19,0.296296,0,3,9,728,0,2,3,"11.869999890000001",0.142857,0
"177","ECU",51,"Ecuador",2000,0,2613.35,2.4e+08,16,0.288462,0,6,8,776,0,3,3,"11.869999890000001",0.142857,0
"178","ECU",51,"Ecuador",2001,0,2665.59,3e+08,16,0.188679,0,4,10,768,0,4,3,"11.869999890000001",0.142857,0
"179","ECU",51,"Ecuador",2002,0,2721.73,3.5e+08,16,0.196721,0,5,9,793,2,5,3,"11.869999890000001",0.142857,0
"180","ECU",51,"Ecuador",2003,0,2743.26,2.4e+08,16,0.179104,0,3,11,828,0,1,0,".",0.2,0
"181","ECU",51,"Ecuador",2004,0,2913.81,2e+08,16,0.137931,0,5,12,846,0,2,0,".",0.257143,0
"182","ECU",51,"Ecuador",2005,0,3012.75,2.8e+08,16,0.15625,0,4,9,867,0,3,0,".",0.314286,0
"183","ECU",51,"Ecuador",2006,0,3090.16,2.2e+08,17,0.12,0,4,10,862,2,1,NA,".",0.314286,0
"184","ECU",51,"Ecuador",2007,0,3103.64,2.4e+08,15,0.064516,0,4,11,867,2,1,3,"27.799999239999998",0.342857,0
"185","ECU",51,"Ecuador",2008,0,3245.44,2.3e+08,15,0.098361,0,4,9,NA,0,2,3,"27.799999239999998",0.342857,0
"186","ECU",51,"Ecuador",2009,0,3209.85,2.1e+08,15,0.134615,0,4,10,NA,2,3,3,"27.799999239999998",0.342857,0
"187","ECU",51,"Ecuador",2010,0,3247.48,1.6e+08,15,0.153846,0,5,9,NA,0,4,3,".",0.371429,0
"188","ECU",51,"Ecuador",2011,1,3432.48,1.6e+08,15,0.078431,0,NA,NA,NA,0,5,3,".",0.4,0
"189","EGY",52,"Egypt",1993,0,907.111,3.7e+09,14,0.25,1,3,4,1043,1,12,0,"1.3999999759999999",0.157895,0
"190","EGY",52,"Egypt",1994,0,928.682,4.1e+09,14,0.34,1,3,4,1051,0,13,0,"1.3999999759999999",0.157895,0
"191","EGY",52,"Egypt",1995,0,956.917,2.7e+09,14,0.253968,1,4,2,1078,2,14,0,"1.3999999759999999",0.157895,0
"192","EGY",52,"Egypt",1996,0,989.207,3e+09,14,0.345455,1,3,4,1107,0,15,0,".",0.157895,0
"193","EGY",52,"Egypt",1997,0,1027.48,2.9e+09,14,0.285714,1,4,4,1107,0,16,0,".",0.157895,0
"194","EGY",52,"Egypt",1998,0,1052.43,2.9e+09,14,0.255319,1,5,4,1129,0,17,0,".",0.157895,0
"195","EGY",52,"Egypt",1999,0,1099.3,2.3e+09,14,0.230769,0,3,6,1148,1,18,0,".",0.157895,0
"196","EGY",52,"Egypt",2000,0,1140.12,2.1e+09,14,0.208333,0,4,4,1214,2,19,0,".",0.210526,0
"197","EGY",52,"Egypt",2001,0,1161.67,2e+09,14,0.14,0,3,4,1221,0,20,0,".",0.210526,0
"198","EGY",52,"Egypt",2002,1,1170.08,1.8e+09,14,0.122807,0,2,3,1241,0,21,0,".",0.263158,0
"199","GNQ",67,"Equatorial Guinea",1993,0,1146.09,8.6e+07,15,NA,0,NA,NA,71,2,14,0,"0",0.041667,0
"200","GNQ",67,"Equatorial Guinea",1994,0,1164.94,4.7e+07,15,NA,0,NA,NA,70,0,15,0,".",0.041667,0
"201","GNQ",67,"Equatorial Guinea",1995,0,1287.93,4.9e+07,15,0.666667,0,NA,NA,69,0,16,0,".",0.041667,0
"202","GNQ",67,"Equatorial Guinea",1996,0,1610.2,4.6e+07,15,0.55,0,NA,NA,77,2,17,0,".",0.0625,0
"203","GNQ",67,"Equatorial Guinea",1997,0,2669.33,4e+07,15,0.285714,0,NA,NA,72,0,18,0,".",0.0625,0
"204","GNQ",67,"Equatorial Guinea",1998,0,3152.17,3.7e+07,15,0.255814,0,NA,NA,86,0,19,0,".",0.083333,0
"205","GNQ",67,"Equatorial Guinea",1999,1,4319.89,3.4e+07,15,0.266667,0,NA,NA,88,2,20,0,".",0.145833,0
"206","ERI",53,"Eritrea",1993,0,199.685,1.2e+08,14,0.333333,0,5,7,14,0,NA,NA,"0",0.041667,0
"207","ERI",53,"Eritrea",1994,0,240.529,2.5e+08,14,0.611111,0,6,7,24,0,1,0,"0",0.041667,0
"208","ERI",53,"Eritrea",1995,0,244.363,2.2e+08,14,0.432432,0,6,6,24,0,2,0,"0",0.0625,0
"209","ERI",53,"Eritrea",1996,0,261.947,2.4e+08,14,0.365854,0,4,8,35,0,3,0,"0",0.0625,0
"210","ERI",53,"Eritrea",1997,0,275.76,1.9e+08,14,0.275,1,5,6,49,0,4,0,"0",0.083333,0
"211","ERI",53,"Eritrea",1998,0,272.386,2.6e+08,14,0.195122,1,6,8,61,0,5,0,"0",0.145833,0
"212","ERI",53,"Eritrea",1999,0,263.305,2.4e+08,14,0.217391,1,4,7,69,0,6,0,"0",0.166667,0
"213","ERI",53,"Eritrea",2000,0,245.711,2.9e+08,14,0.276596,1,6,7,84,0,7,0,"0",0.1875,0
"214","ERI",53,"Eritrea",2001,0,256.653,4.9e+08,13,0.16,0,4,3,89,0,8,0,"0",0.208333,0
"215","ERI",53,"Eritrea",2002,0,253.254,3.6e+08,13,0.152542,0,5,1,92,0,9,0,"0",0.25,0
"216","ERI",53,"Eritrea",2003,0,236.004,4.3e+08,13,0.16129,0,3,1,104,0,10,0,"0",0.25,0
"217","ERI",53,"Eritrea",2004,0,229.526,3.3e+08,13,0.109091,0,4,3,101,0,11,0,"0",0.291667,0
"218","ERI",53,"Eritrea",2005,1,226.29,4.2e+08,13,0.1,0,2,1,100,0,12,0,"0",0.3125,0
"219","ETH",56,"Ethiopia",1993,0,123.47,1.7e+09,11,0.2,1,4,9,359,0,2,0,"0",0.041667,0
"220","ETH",56,"Ethiopia",1994,0,123.157,1.6e+09,11,0.340426,1,0,6,367,2,3,0,"0",0.041667,0
"221","ETH",56,"Ethiopia",1995,0,126.524,1.2e+09,11,0.298246,1,0,6,339,2,4,0,"0",0.041667,0
"222","ETH",56,"Ethiopia",1996,0,137.913,1.2e+09,11,0.386364,1,1,9,382,0,1,0,"0",0.0625,0
"223","ETH",56,"Ethiopia",1997,0,138.082,8.8e+08,11,0.333333,0,4,10,370,0,2,0,"0",0.0625,0
"224","ETH",56,"Ethiopia",1998,0,129.523,1e+09,11,0.261905,1,5,6,376,0,3,0,"0",0.083333,0
"225","ETH",56,"Ethiopia",1999,0,132.378,9.8e+08,11,0.244898,1,3,7,381,0,4,0,"0",0.145833,0
"226","ETH",56,"Ethiopia",2000,0,136.45,1.1e+09,11,0.285714,1,2,9,378,2,5,0,"0",0.166667,0
"227","ETH",56,"Ethiopia",2001,0,143.574,1.8e+09,11,0.16,1,3,6,375,0,6,0,".",0.1875,0
"228","ETH",56,"Ethiopia",2002,0,141.599,2e+09,11,0.134615,1,2,5,375,0,7,0,".",0.208333,0
"229","ETH",56,"Ethiopia",2003,0,134.611,2.1e+09,11,0.15,1,1,6,396,0,8,0,".",0.25,0
"230","ETH",56,"Ethiopia",2004,0,148.595,2.2e+09,11,0.134615,1,1,6,394,0,9,0,".",0.25,0
"231","ETH",56,"Ethiopia",2005,0,161.573,2.3e+09,11,0.113208,1,0,5,395,2,10,0,".",0.291667,0
"232","ETH",56,"Ethiopia",2006,0,174.222,2.3e+09,11,0.063492,1,1,6,396,0,11,0,".",0.3125,0
"233","ETH",56,"Ethiopia",2007,0,188.991,2.7e+09,11,0.072727,1,1,5,398,0,12,0,".",0.333333,0
"234","ETH",56,"Ethiopia",2008,0,203.855,3.4e+09,11,0.101695,1,2,4,NA,0,13,0,".",0.354167,0
"235","ETH",56,"Ethiopia",2009,1,216.003,4.1e+09,11,0.058824,1,3,3,NA,0,14,0,".",0.416667,0
"236","IND",77,"India",1993,0,424.581,2.2e+09,18,0.116279,1,0,8,1495,0,2,3,".",0.227273,1
"237","IND",77,"India",1994,0,444.484,3.1e+09,18,0.177778,1,0,10,1518,0,3,3,".",0.227273,1
"238","IND",77,"India",1995,0,469.471,2.2e+09,19,0.101695,1,0,9,1548,0,4,3,".",0.227273,1
"239","IND",77,"India",1996,0,495.915,2.5e+09,19,0.207547,1,0,12,1623,2,5,3,".",0.227273,1
"240","IND",77,"India",1997,0,506.98,2.4e+09,19,0.183673,1,0,12,1623,0,1,3,".",0.227273,1
"241","IND",77,"India",1998,0,529.099,2.4e+09,19,0.170732,1,0,8,1687,2,2,3,".",0.227273,1
"242","IND",77,"India",1999,0,564.209,2.1e+09,19,0.191489,1,0,8,1687,2,1,1,".",0.227273,1
"243","IND",77,"India",2000,0,576.93,2e+09,19,0.170213,1,1,6,1806,0,2,1,".",0.272727,1
"244","IND",77,"India",2001,0,595.603,2.7e+09,19,0.145833,1,0,8,1827,0,3,1,".",0.318182,1
"245","IND",77,"India",2002,0,608.987,2.6e+09,19,0.185185,1,0,8,1844,0,4,1,".",0.304348,1
"246","IND",77,"India",2003,0,647.099,8.2e+08,19,0.172414,1,1,9,1968,0,5,1,".",0.347826,1
"247","IND",77,"India",2004,0,687.307,9.2e+08,19,0.109091,1,0,9,2001,2,6,1,".",0.347826,1
"248","IND",77,"India",2005,0,740.116,2.2e+09,19,0.127273,1,0,8,2044,0,1,3,"55.090000150000002",0.434783,1
"249","IND",77,"India",2006,0,797.26,1.6e+09,19,0.089552,1,0,9,2070,0,2,3,"55.090000150000002",0.478261,1
"250","IND",77,"India",2007,0,863.465,1.4e+09,19,0.096774,1,0,9,2069,0,3,3,"55.090000150000002",0.521739,1
"251","IND",77,"India",2008,0,885.173,2.3e+09,19,0.122807,1,0,7,NA,0,4,3,"55.090000150000002",0.521739,1
"252","IND",77,"India",2009,0,947.748,2.7e+09,19,0.122449,1,0,8,NA,2,5,3,"55.090000150000002",0.608696,1
"253","IND",77,"India",2010,1,1034.24,3e+09,19,0.133333,1,0,7,NA,0,6,3,".",0.652174,1
"254","IDN",76,"Indonesia",1993,0,999.962,2.7e+09,13,0.173913,0,1,1,887,0,26,0,"17",0.227273,0
"255","IDN",76,"Indonesia",1994,0,1058.1,2e+09,13,0.301887,0,3,3,917,0,27,0,"17",0.227273,0
"256","IDN",76,"Indonesia",1995,0,1129.06,1.6e+09,13,0.21875,0,3,2,960,0,28,0,"17",0.227273,0
"257","IDN",76,"Indonesia",1996,0,1196.94,1.4e+09,13,0.293103,0,1,3,985,0,29,0,"17",0.227273,0
"258","IDN",76,"Indonesia",1997,0,1234.7,1.2e+09,13,0.245283,1,0,3,985,2,30,0,"17",0.227273,0
"259","IDN",76,"Indonesia",1998,0,1057.09,1.8e+09,15,0.265306,1,0,3,1027,0,31,0,"22.659999849999998",0.227273,0
"260","IDN",76,"Indonesia",1999,0,1050.16,2.8e+09,16,0.230769,1,0,2,1033,2,1,0,"22.659999849999998",0.227273,0
"261","IDN",76,"Indonesia",2000,0,1086.05,2.3e+09,16,0.254902,1,1,6,1084,0,1,0,"20.88999939",0.272727,0
"262","IDN",76,"Indonesia",2001,0,1109.52,2.2e+09,16,0.137255,1,1,6,1091,0,2,0,"20.88999939",0.318182,0
"263","IDN",76,"Indonesia",2002,0,1142.9,2e+09,16,0.133333,1,1,6,1106,0,1,0,"20.88999939",0.304348,0
"264","IDN",76,"Indonesia",2003,0,1180.48,2.4e+09,16,0.149254,1,1,5,1179,0,2,0,"20.88999939",0.347826,0
"265","IDN",76,"Indonesia",2004,1,1222.23,2.3e+08,18,0.084746,1,1,5,1202,2,3,0,"20.88999939",0.347826,0
"266","IDN",76,"Indonesia",2005,0,1273.47,3.3e+09,18,0.079365,1,1,6,1222,0,1,0,"21.56999969",0.434783,0
"267","IDN",76,"Indonesia",2006,0,1324.47,1.6e+09,18,0.078947,0,4,7,1232,0,2,0,"21.56999969",0.478261,0
"268","IDN",76,"Indonesia",2007,0,1388.61,1e+09,18,0.061538,0,3,8,1239,0,3,0,"21.56999969",0.521739,0
"269","IDN",76,"Indonesia",2008,0,1451.56,1.3e+09,18,0.09375,0,3,6,NA,0,4,0,"21.56999969",0.521739,0
"270","ISR",82,"Israel",1993,0,15736,1.8e+09,19,0.918919,1,4,8,1524,0,1,3,"24.899999619999999",0.157895,0
"271","ISR",82,"Israel",1994,0,16396.7,1.8e+09,19,0.957447,1,2,8,1550,0,2,3,"24.899999619999999",0.157895,0
"272","ISR",82,"Israel",1995,0,17007.1,4.7e+08,19,1,1,4,7,1628,0,3,3,"24.899999619999999",0.157895,0
"273","ISR",82,"Israel",1996,0,17477.5,3e+09,19,1,1,5,9,1679,2,1,3,"24.899999619999999",0.157895,0
"274","ISR",82,"Israel",1997,0,17620.9,1.6e+09,19,0.978261,1,3,8,1679,0,1,1,"26.799999239999998",0.157895,0
"275","ISR",82,"Israel",1998,0,17931.7,1.4e+09,19,1,1,4,8,1752,0,2,1,"26.799999239999998",0.157895,0
"276","ISR",82,"Israel",1999,0,18067.5,1.2e+09,20,0.97561,1,3,8,1800,2,3,1,"26.799999239999998",0.157895,0
"277","ISR",82,"Israel",2000,0,19224.8,1e+09,20,0.97561,1,3,9,1895,0,1,1,"14.14000034",0.210526,0
"278","ISR",82,"Israel",2001,0,18735,2.1e+08,20,0.977273,1,2,9,1919,2,1,1,"20.260000229999999",0.210526,0
"279","ISR",82,"Israel",2002,0,18255.8,9.2e+08,20,0.941176,1,2,9,1933,0,2,1,"20.260000229999999",0.263158,0
"280","ISR",82,"Israel",2003,0,18200.3,5.3e+08,20,0.925926,1,2,10,2027,2,3,1,"20.260000229999999",0.263158,0
"281","ISR",82,"Israel",2004,0,18747.6,5.6e+08,20,0.942308,1,2,9,2033,0,4,1,"14.460000040000001",0.315789,0
"282","ISR",82,"Israel",2005,0,19330,NA,20,0.921569,1,2,7,2063,0,5,1,"14.460000040000001",0.421053,0
"283","ISR",82,"Israel",2006,0,20053.7,NA,20,0.85,1,2,7,2076,2,6,1,"14.460000040000001",0.421053,0
"284","ISR",82,"Israel",2007,0,20783.6,NA,20,0.830189,1,2,5,2057,0,1,1,"8.9899997710000008",0.421053,0
"285","ISR",82,"Israel",2008,0,21240.1,NA,20,0.854545,1,3,1,NA,0,2,1,"8.9899997710000008",0.473684,0
"286","ISR",82,"Israel",2009,0,20912,NA,20,0.981132,1,2,3,NA,2,3,1,"8.9899997710000008",0.473684,0
"287","ISR",82,"Israel",2010,0,21528.5,NA,20,0.959184,1,2,5,NA,0,1,1,"22.469999309999999",0.526316,0
"288","ISR",82,"Israel",2011,1,22128.8,NA,20,0.98,1,NA,NA,NA,0,2,1,"22.469999309999999",0.631579,0
"289","JOR",85,"Jordan",1993,0,1813.14,4.7e+08,18,0.204545,0,6,5,468,2,40,0,".",0.157895,0
"290","JOR",85,"Jordan",1994,0,1830.89,5.1e+08,18,0.346939,0,6,5,479,0,41,0,".",0.157895,0
"291","JOR",85,"Jordan",1995,0,1882.07,6.7e+08,18,0.265625,0,4,4,500,0,42,0,".",0.157895,0
"292","JOR",85,"Jordan",1996,0,1863.6,6.7e+08,18,0.345455,0,4,5,504,0,43,0,".",0.157895,0
"293","JOR",85,"Jordan",1997,0,1867.39,6.7e+08,18,0.270833,0,5,4,504,2,44,0,".",0.157895,0
"294","JOR",85,"Jordan",1998,0,1865.89,5.9e+08,18,0.204545,0,5,4,523,0,45,0,".",0.157895,0
"295","JOR",85,"Jordan",1999,0,1894.55,6e+08,18,0.229167,0,4,5,537,0,46,0,".",0.157895,0
"296","JOR",85,"Jordan",2000,0,1927.2,8.1e+08,18,0.229167,0,4,4,566,0,1,0,".",0.210526,0
"297","JOR",85,"Jordan",2001,0,1979.24,6.6e+08,18,0.12,0,5,5,575,0,2,0,".",0.210526,0
"298","JOR",85,"Jordan",2002,0,2043.47,7.7e+08,18,0.103448,0,5,4,587,0,3,0,".",0.263158,0
"299","JOR",85,"Jordan",2003,0,2076.9,1.6e+09,18,0.109375,0,5,4,616,2,4,0,".",0.263158,0
"300","JOR",85,"Jordan",2004,0,2200.96,7e+08,18,0.133333,0,4,3,624,0,5,0,"10.399999619999999",0.315789,0
"301","JOR",85,"Jordan",2005,0,2326.5,8.1e+08,18,0.095238,0,5,3,639,0,6,0,"10.399999619999999",0.421053,0
"302","JOR",85,"Jordan",2006,0,2458.34,6.2e+08,18,0.058824,0,4,5,647,0,7,0,"10.399999619999999",0.421053,0
"303","JOR",85,"Jordan",2007,0,2600.6,6.5e+08,17,0.078125,0,4,4,643,2,8,0,"10.399999619999999",0.421053,0
"304","JOR",85,"Jordan",2008,1,2728.44,7.2e+08,17,0.084746,0,3,3,NA,0,9,0,".",0.473684,0
"305","MMR",117,"Myanmar",1993,0,NA,1.3e+08,13,0.153846,1,1,2,166,0,1,0,"0",0.227273,1
"306","MMR",117,"Myanmar",1994,0,NA,1.9e+08,13,0,1,3,1,171,0,2,0,"0",0.227273,1
"307","MMR",117,"Myanmar",1995,0,NA,1.6e+08,13,0.180328,1,2,1,171,0,3,0,"0",0.227273,1
"308","MMR",117,"Myanmar",1996,0,NA,4.8e+07,13,0.272727,1,2,1,173,0,4,0,"0",0.227273,1
"309","MMR",117,"Myanmar",1997,0,NA,6.8e+07,13,0.215686,1,1,1,185,0,5,0,"0",0.227273,1
"310","MMR",117,"Myanmar",1998,0,NA,1.1e+08,13,0.222222,1,1,1,189,0,6,0,"0",0.227273,1
"311","MMR",117,"Myanmar",1999,0,NA,1.2e+08,13,0.166667,1,1,0,203,0,7,0,"0",0.227273,1
"312","MMR",117,"Myanmar",2000,0,NA,1.5e+08,13,0.191489,1,0,1,206,0,8,0,"0",0.272727,1
"313","MMR",117,"Myanmar",2001,0,NA,1.9e+08,13,0.122449,1,1,0,208,0,9,0,"0",0.318182,1
"314","MMR",117,"Myanmar",2002,0,NA,1.8e+08,13,0.122807,1,3,0,224,0,10,0,"0",0.304348,1
"315","MMR",117,"Myanmar",2003,0,NA,1.7e+08,13,0.112903,1,0,0,241,0,11,0,"0",0.347826,1
"316","MMR",117,"Myanmar",2004,0,NA,1.6e+08,12,0.087719,0,1,0,249,0,12,0,"0",0.347826,1
"317","MMR",117,"Myanmar",2005,0,NA,1.8e+08,12,0.095238,1,1,0,254,0,13,0,"0",0.434783,1
"318","MMR",117,"Myanmar",2006,1,NA,1.8e+08,12,0.070423,1,0,0,263,0,14,0,"0",0.478261,1
"319","NPL",131,"Nepal",1993,0,248.709,5.4e+08,15,0.288889,0,3,10,304,0,2,3,"28",0.227273,1
"320","NPL",131,"Nepal",1994,0,262.25,6.3e+08,15,0.372549,0,6,7,327,2,3,3,"28",0.227273,1
"321","NPL",131,"Nepal",1995,0,264.469,5.5e+08,15,0.283333,0,5,9,281,0,1,3,"33.400001529999997",0.227273,1
"322","NPL",131,"Nepal",1996,0,271.594,5.4e+08,15,0.351852,1,6,9,339,0,1,3,"30.799999239999998",0.227273,1
"323","NPL",131,"Nepal",1997,0,278.294,6e+08,15,0.297872,1,3,9,364,0,2,3,"30.799999239999998",0.227273,1
"324","NPL",131,"Nepal",1998,0,279.86,6.2e+08,15,0.232558,1,1,9,377,0,1,3,"30.799999239999998",0.227273,1
"325","NPL",131,"Nepal",1999,0,285.581,5.2e+08,16,0.215686,1,2,8,389,2,2,3,"30.799999239999998",0.227273,1
"326","NPL",131,"Nepal",2000,0,296.824,5.9e+08,16,0.244898,1,1,8,425,0,1,3,"31.61000061",0.272727,1
"327","NPL",131,"Nepal",2001,0,304.878,6.4e+08,16,0.156863,1,1,7,435,0,2,3,"31.61000061",0.318182,1
"328","NPL",131,"Nepal",2002,0,299.574,5.3e+08,14,0.16,1,0,8,457,0,1,3,"31.61000061",0.304348,1
"329","NPL",131,"Nepal",2003,0,306.026,6.4e+08,14,0.15873,1,1,7,498,0,1,0,"0",0.347826,1
"330","NPL",131,"Nepal",2004,0,315.261,5.3e+08,14,0.118644,1,0,8,508,0,2,0,"0",0.347826,1
"331","NPL",131,"Nepal",2005,0,321.455,5.2e+08,14,0.101695,1,0,4,535,0,3,0,"0",0.434783,1
"332","NPL",131,"Nepal",2006,0,327.821,6.3e+08,16,0.074627,1,0,5,540,0,4,0,"0",0.478261,1
"333","NPL",131,"Nepal",2007,0,334.878,6.7e+08,16,0.065574,0,3,6,545,0,5,0,"0",0.521739,1
"334","NPL",131,"Nepal",2008,0,351.268,7.3e+08,16,0.1,0,2,5,NA,2,1,3,"0",0.521739,1
"335","NPL",131,"Nepal",2009,0,363.103,9.3e+08,16,0.153846,0,3,9,NA,0,1,3,".",0.608696,1
"336","NPL",131,"Nepal",2010,0,376.324,8.8e+08,16,0.156863,0,2,7,NA,0,2,3,".",0.652174,1
"337","NPL",131,"Nepal",2011,0,386.472,8.9e+08,16,0.204082,0,NA,NA,NA,0,3,3,".",0.652174,1
"338","NPL",131,"Nepal",2012,1,399.699,NA,NA,0.188679,0,NA,NA,NA,0,4,3,".",0.73913,1
"339","OMN",133,"Oman",1993,0,9876.33,2e+08,11,0.227273,0,7,1,175,0,23,0,"0",0.157895,0
"340","OMN",133,"Oman",1994,0,9941.34,2.2e+08,11,0.352941,0,5,1,195,0,24,0,"0",0.157895,0
"341","OMN",133,"Oman",1995,0,10218.4,9.7e+07,11,0.25,0,6,2,202,0,25,0,"0",0.157895,0
"342","OMN",133,"Oman",1996,0,10426.1,1.1e+08,11,0.344828,0,7,1,209,0,26,0,"0",0.157895,0
"343","OMN",133,"Oman",1997,0,11046.4,1.5e+08,11,0.27451,0,7,1,209,0,27,0,"0",0.157895,0
"344","OMN",133,"Oman",1998,0,11372.7,8.4e+08,11,0.255319,0,7,1,224,0,28,0,"0",0.157895,0
"345","OMN",133,"Oman",1999,0,11352.4,7.8e+07,11,0.254902,0,7,1,232,0,29,0,"0",0.157895,0
"346","OMN",133,"Oman",2000,1,11855.1,1.2e+08,11,0.208333,0,6,1,252,0,30,0,"0",0.210526,0
"347","PAK",134,"Pakistan",1993,0,558.491,1.6e+09,18,0.212766,0,2,6,751,2,3,1,"36.83000183",0.227273,0
"348","PAK",134,"Pakistan",1994,0,564.749,2.3e+09,18,0.345455,0,3,5,772,0,1,3,".",0.227273,0
"349","PAK",134,"Pakistan",1995,0,577.621,1e+09,18,0.209677,1,1,4,809,0,2,3,".",0.227273,0
"350","PAK",134,"Pakistan",1996,0,589.815,1.4e+09,18,0.310345,1,2,4,831,0,3,3,".",0.227273,0
"351","PAK",134,"Pakistan",1997,0,580.128,1.4e+09,17,0.264151,1,2,5,831,0,1,0,".",0.227273,0
"352","PAK",134,"Pakistan",1998,0,579.557,1.6e+09,17,0.204545,1,3,5,851,0,1,0,".",0.227273,0
"353","PAK",134,"Pakistan",1999,0,586.065,1.1e+09,14,0.24,1,2,5,873,0,1,0,".",0.227273,0
"354","PAK",134,"Pakistan",2000,0,597.218,1e+09,14,0.155556,1,1,6,905,0,1,0,".",0.272727,0
"355","PAK",134,"Pakistan",2001,0,596.512,2.8e+09,14,0.130435,1,1,5,928,0,1,0,"0",0.318182,0
"356","PAK",134,"Pakistan",2002,0,604.078,3.2e+09,15,0.148148,1,2,4,931,2,2,0,"0",0.304348,0
"357","PAK",134,"Pakistan",2003,1,622.025,1.4e+09,15,0.15873,1,1,3,980,0,3,0,"25.799999239999998",0.347826,0
"358","QAT",144,"Qatar",1993,0,NA,5700000,10,0.227273,0,NA,NA,176,0,21,0,"0",0.157895,0
"359","QAT",144,"Qatar",1994,0,NA,4500000,10,0.346939,0,NA,NA,183,0,22,0,"0",0.157895,0
"360","QAT",144,"Qatar",1995,0,NA,4700000,10,0.257576,0,NA,NA,201,0,23,0,"0",0.157895,0
"361","QAT",144,"Qatar",1996,0,NA,4400000,10,0.344828,0,NA,NA,206,0,1,0,"0",0.157895,0
"362","QAT",144,"Qatar",1997,0,NA,3100000,10,0.277778,0,NA,NA,206,0,2,0,"0",0.157895,0
"363","QAT",144,"Qatar",1998,0,NA,4100000,10,0.25,0,NA,NA,216,0,3,0,"0",0.157895,0
"364","QAT",144,"Qatar",1999,0,NA,1e+07,10,0.25,0,NA,NA,220,0,4,0,"0",0.157895,0
"365","QAT",144,"Qatar",2000,0,48667.2,3300000,10,0.229167,0,NA,NA,239,0,5,0,"0",0.210526,0
"366","QAT",144,"Qatar",2001,0,48797.8,6500000,10,0.125,0,7,2,235,0,6,0,"0",0.210526,0
"367","QAT",144,"Qatar",2002,0,50789.7,8100000,10,0.12069,0,NA,NA,253,0,7,0,"0",0.263158,0
"368","QAT",144,"Qatar",2003,0,50134.7,6600000,10,0.123077,0,8,3,277,NA,8,0,"0",0.263158,0
"369","QAT",144,"Qatar",2004,1,55526.2,4600000,10,0.116667,0,8,4,286,0,9,0,"0",0.315789,0
"370","RUS",146,"Russia",1993,0,4207.31,3.5e+09,13,0.68,1,4,6,822,2,2,0,"0",0,0
"371","RUS",146,"Russia",1994,0,3683.02,2.5e+09,13,0.709677,1,5,7,822,0,3,0,"22.790000920000001",0,0
"372","RUS",146,"Russia",1995,0,3535.06,2.5e+09,13,0.510638,1,1,6,1093,2,4,0,"22.790000920000001",0,0
"373","RUS",146,"Russia",1996,0,3417.07,1.9e+09,13,0.520833,1,3,7,1300,2,5,0,"22.729999540000001",0,0
"374","RUS",146,"Russia",1997,0,3475.15,1.3e+09,13,0.409091,0,3,6,1462,0,6,0,"22.729999540000001",0,0
"375","RUS",146,"Russia",1998,0,3300.04,1.7e+09,13,0.378378,0,3,7,1462,0,7,0,"22.729999540000001",0,0
"376","RUS",146,"Russia",1999,0,3525.4,2.5e+09,13,0.363636,1,3,6,1682,2,8,0,"22.729999540000001",0,0
"377","RUS",146,"Russia",2000,0,3878.1,2.2e+09,16,0.309524,1,2,6,1901,2,9,0,"24.290000920000001",0,0
"378","RUS",146,"Russia",2001,0,4085.44,1.5e+09,16,0.25,1,1,7,1928,0,1,0,"24.290000920000001",0,0
"379","RUS",146,"Russia",2002,0,4298.38,1.7e+09,16,0.244898,1,4,6,1996,0,2,0,"24.290000920000001",0,0
"380","RUS",146,"Russia",2003,0,4634.31,1.6e+09,16,0.254237,1,2,4,2104,2,3,0,"24.290000920000001",0.166667,0
"381","RUS",146,"Russia",2004,0,4992.76,1.6e+09,16,0.16,1,1,3,2152,2,4,0,"12.670000079999999",0.166667,0
"382","RUS",146,"Russia",2005,0,5337.07,NA,16,0.153846,1,2,3,2200,0,5,0,"12.670000079999999",0.25,0
"383","RUS",146,"Russia",2006,0,5798.55,NA,16,0.112903,1,2,3,2251,0,6,0,"12.670000079999999",0.25,0
"384","RUS",146,"Russia",2007,0,6311.18,NA,14,0.125,1,1,4,2271,2,7,0,"12.670000079999999",0.333333,0
"385","RUS",146,"Russia",2008,0,6649.4,NA,14,0.078431,1,3,2,NA,2,8,0,"11.56999969",0.333333,0
"386","RUS",146,"Russia",2009,0,6131.09,NA,14,0.191489,1,1,2,NA,0,1,2,"11.56999969",0.416667,0
"387","RUS",146,"Russia",2010,0,6385.66,NA,14,0.177778,1,1,2,NA,0,2,2,"11.56999969",0.5,0
"388","RUS",146,"Russia",2011,0,6633.07,NA,14,0.255319,1,NA,NA,NA,NA,3,2,"11.56999969",0.5,0
"389","RUS",146,"Russia",2012,1,6834,NA,NA,0.291667,0,NA,NA,NA,NA,4,2,"19.190000529999999",0.666667,0
"390","RWA",147,"Rwanda",1993,0,266.208,5.6e+08,13,0.255814,1,1,9,242,0,20,0,"0",0.041667,0
"391","RWA",147,"Rwanda",1994,0,140.254,1.1e+09,14,0.571429,1,0,7,248,0,21,0,"0",0.041667,0
"392","RWA",147,"Rwanda",1995,0,191.821,9.7e+08,14,0.5,0,0,7,223,0,1,0,"0",0.041667,0
"393","RWA",147,"Rwanda",1996,0,206.578,6.8e+08,14,0.8,1,1,8,255,0,2,0,"0",0.0625,0
"394","RWA",147,"Rwanda",1997,0,215.523,3.7e+08,14,0.5,1,0,9,249,0,3,0,"0",0.0625,0
"395","RWA",147,"Rwanda",1998,0,211.74,5.5e+08,14,0.375,1,2,8,254,0,4,0,"0",0.083333,0
"396","RWA",147,"Rwanda",1999,0,207.971,5.7e+08,14,0,1,3,4,246,0,5,0,"0",0.145833,0
"397","RWA",147,"Rwanda",2000,0,210.713,5.3e+08,16,0.25,1,2,5,246,0,6,0,"0",0.166667,0
"398","RWA",147,"Rwanda",2001,0,219.454,5.1e+08,16,0.066667,1,3,3,248,0,1,0,"0",0.1875,0
"399","RWA",147,"Rwanda",2002,0,242.797,5.7e+08,16,0.1875,1,3,4,247,0,2,0,"0",0.208333,0
"400","RWA",147,"Rwanda",2003,0,242.579,4.6e+08,17,0.171429,0,2,4,262,2,3,0,"0",0.25,0
"401","RWA",147,"Rwanda",2004,0,255.835,6e+08,17,0.142857,0,2,3,272,0,4,0,"12.31000042",0.25,0
"402","RWA",147,"Rwanda",2005,0,273.747,6.9e+08,17,0.055556,0,4,5,274,0,5,0,"12.31000042",0.291667,0
"403","RWA",147,"Rwanda",2006,0,290.038,7e+08,17,0.068182,0,4,7,283,0,6,0,"12.31000042",0.3125,0
"404","RWA",147,"Rwanda",2007,0,303.775,7.7e+08,17,0.093023,0,5,6,285,0,7,0,"12.31000042",0.333333,0
"405","RWA",147,"Rwanda",2008,0,327.942,9.6e+08,17,0.113636,0,4,4,NA,1,8,0,"12.31000042",0.354167,0
"406","RWA",147,"Rwanda",2009,0,338.27,9.9e+08,17,0.111111,1,3,5,NA,0,9,0,"13.111199998855501",0.416667,0
"407","RWA",147,"Rwanda",2010,0,352.412,1.1e+09,16,0.25,1,3,5,NA,1,10,0,"13.111199998855501",0.4375,0
"408","RWA",147,"Rwanda",2011,0,370.921,1.3e+09,16,0.294118,1,NA,NA,NA,0,11,0,"13.111199998855501",0.428571,0
"409","RWA",147,"Rwanda",2012,1,389.566,NA,NA,0.219512,0,NA,NA,NA,0,12,0,"13.111199998855501",0.428571,0
"410","SLE",153,"Sierra Leone",1993,0,311.541,3.4e+08,13,0.190476,1,1,7,332,0,1,0,"0",0.041667,1
"411","SLE",153,"Sierra Leone",1994,0,308.558,4e+08,13,0.395349,1,0,6,333,0,2,0,"0",0.041667,1
"412","SLE",153,"Sierra Leone",1995,0,285.641,2.9e+08,13,0.25,1,0,8,333,0,3,0,"0",0.041667,1
"413","SLE",153,"Sierra Leone",1996,0,291.199,2.6e+08,14,0.388889,1,3,10,341,2,1,0,"0",0.0625,1
"414","SLE",153,"Sierra Leone",1997,0,273.485,1.8e+08,20,0.291667,1,NA,NA,349,0,1,0,"22",0.0625,1
"415","SLE",153,"Sierra Leone",1998,0,276.009,1.6e+08,20,0.255814,1,NA,NA,344,0,1,0,"22",0.083333,1
"416","SLE",153,"Sierra Leone",1999,0,265.943,1.1e+08,20,0.25,1,NA,NA,335,0,1,0,"22",0.145833,1
"417","SLE",153,"Sierra Leone",2000,0,276.145,2.9e+08,20,0.292683,1,NA,NA,329,0,2,0,"22",0.166667,1
"418","SLE",153,"Sierra Leone",2001,0,247.121,5.6e+08,12,0.155556,0,4,10,317,0,3,0,"22",0.1875,1
"419","SLE",153,"Sierra Leone",2002,0,298.328,5.9e+08,15,0.142857,0,8,11,311,2,4,0,"22",0.208333,1
"420","SLE",153,"Sierra Leone",2003,0,311.105,4.5e+08,15,0.195122,0,5,10,319,0,5,0,"19.799999239999998",0.25,1
"421","SLE",153,"Sierra Leone",2004,0,316.599,4.6e+08,15,0.12069,0,6,9,315,0,6,0,"19.799999239999998",0.25,1
"422","SLE",153,"Sierra Leone",2005,0,317.947,4e+08,15,0.115385,0,5,10,314,0,7,0,"19.799999239999998",0.291667,1
"423","SLE",153,"Sierra Leone",2006,0,325.686,4.4e+08,15,0.073529,0,5,8,318,0,8,0,"19.799999239999998",0.3125,1
"424","SLE",153,"Sierra Leone",2007,0,343.101,5.9e+08,17,0.078431,0,6,7,317,2,9,0,"19.799999239999998",0.333333,1
"425","SLE",153,"Sierra Leone",2008,0,353.785,3.8e+08,17,0,0,6,6,NA,0,1,3,".",0.354167,1
"426","SLE",153,"Sierra Leone",2009,1,358.222,4.8e+08,17,0.214286,0,NA,6,NA,0,2,3,".",0.416667,1
"427","SIN",154,"Singapore",1993,0,18812.6,3.1e+07,18,0.272727,0,8,3,841,1,3,0,"11.97000027",0.227273,1
"428","SIN",154,"Singapore",1994,0,20160.2,2.1e+07,18,0.387755,0,7,5,873,0,4,0,"11.97000027",0.227273,1
"429","SIN",154,"Singapore",1995,0,20980.1,1.9e+07,18,0.290323,0,6,5,923,0,5,0,"11.97000027",0.227273,1
"430","SIN",154,"Singapore",1996,0,21680.8,1.8e+07,18,0.375,0,5,6,963,0,6,0,"11.97000027",0.227273,1
"431","SIN",154,"Singapore",1997,0,22748.8,4400000,18,0.291667,0,5,7,963,2,7,0,"11.97000027",0.227273,1
"432","SIN",154,"Singapore",1998,0,21511.6,3e+06,18,0.285714,0,7,7,1014,0,8,0,"26.690000529999999",0.227273,1
"433","SIN",154,"Singapore",1999,0,22662.8,-990000,18,0.23913,0,6,7,1039,0,9,0,"26.690000529999999",0.227273,1
"434","SIN",154,"Singapore",2000,0,24287.6,780000,18,0.282609,0,6,6,1115,0,10,0,"26.690000529999999",0.272727,1
"435","SIN",154,"Singapore",2001,1,23368.5,820000,18,0.163265,0,7,7,1130,2,11,0,"26.690000529999999",0.318182,1
"436","SOM",156,"Somalia",1993,0,NA,1.4e+09,20,NA,1,NA,NA,144,0,NA,NA,"0",0.041667,0
"437","SOM",156,"Somalia",1994,0,NA,8e+08,20,NA,1,NA,NA,144,0,NA,NA,"0",0.041667,0
"438","SOM",156,"Somalia",1995,0,NA,2.7e+08,20,NA,1,NA,NA,156,0,NA,NA,"0",0.041667,0
"439","SOM",156,"Somalia",1996,0,NA,1.3e+08,20,NA,1,NA,NA,131,0,NA,NA,"0",0.0625,0
"440","SOM",156,"Somalia",1997,0,NA,1.3e+08,20,NA,0,NA,NA,129,0,NA,NA,"0",0.0625,0
"441","SOM",156,"Somalia",1998,0,NA,1.3e+08,20,NA,0,NA,NA,126,0,NA,NA,"0",0.083333,0
"442","SOM",156,"Somalia",1999,0,NA,1.9e+08,20,NA,0,NA,NA,119,0,NA,NA,"0",0.145833,0
"443","SOM",156,"Somalia",2000,0,NA,1.9e+08,20,NA,0,NA,NA,116,NA,NA,NA,"0",0.166667,0
"444","SOM",156,"Somalia",2001,0,NA,2.6e+08,20,NA,1,NA,NA,111,0,1,NA,"0",0.1875,0
"445","SOM",156,"Somalia",2002,0,NA,2.5e+08,20,0.055556,1,NA,NA,114,0,2,NA,"0",0.208333,0
"446","SOM",156,"Somalia",2003,0,NA,2.6e+08,20,0.142857,0,NA,NA,123,0,3,NA,"0",0.25,0
"447","SOM",156,"Somalia",2004,0,NA,2.6e+08,20,0.087719,0,NA,NA,128,NA,4,NA,"0",0.25,0
"448","SOM",156,"Somalia",2005,0,NA,3e+08,20,0.076923,0,NA,NA,127,0,1,NA,"0",0.291667,0
"449","SOM",156,"Somalia",2006,0,NA,4.6e+08,20,0.058824,1,NA,NA,138,0,2,NA,"0",0.3125,0
"450","SOM",156,"Somalia",2007,0,NA,4.3e+08,20,0.056604,1,NA,NA,140,0,3,NA,"0",0.333333,0
"451","SOM",156,"Somalia",2008,0,NA,7.9e+08,20,0,1,NA,NA,NA,0,4,NA,"0",0.354167,0
"452","SOM",156,"Somalia",2009,0,NA,7.1e+08,20,0.155556,1,NA,NA,NA,NA,5,NA,"0",0.416667,0
"453","SOM",156,"Somalia",2010,1,NA,5.3e+08,20,0.12,1,NA,NA,NA,0,1,0,"0",0.4375,0
"454","LKA",103,"Sri Lanka",1993,0,799.341,9.9e+08,15,0.204545,1,2,8,663,0,5,2,"31.799999239999998",0.227273,0
"455","LKA",103,"Sri Lanka",1994,0,832.545,8.3e+08,15,0.3,1,2,12,660,2,1,2,"31.799999239999998",0.227273,0
"456","LKA",103,"Sri Lanka",1995,0,866.47,6.7e+08,15,0.238095,1,0,12,694,0,2,3,".",0.227273,0
"457","LKA",103,"Sri Lanka",1996,0,889.585,6.7e+08,15,0.321429,1,0,8,696,0,3,3,".",0.227273,0
"458","LKA",103,"Sri Lanka",1997,0,934.74,4.8e+08,15,0.269231,1,1,12,696,0,4,3,".",0.227273,0
"459","LKA",103,"Sri Lanka",1998,0,967.404,6.4e+08,15,0.23913,1,1,6,711,0,5,3,".",0.227273,0
"460","LKA",103,"Sri Lanka",1999,0,994.606,3.8e+08,15,0.25,1,2,8,707,2,6,3,".",0.227273,0
"461","LKA",103,"Sri Lanka",2000,0,1051.74,3.9e+08,15,0.254902,1,0,9,723,2,7,3,".",0.272727,0
"462","LKA",103,"Sri Lanka",2001,0,1052.29,5.3e+08,16,0.153846,1,2,7,736,2,8,3,"40.211200012207001",0.318182,0
"463","LKA",103,"Sri Lanka",2002,0,1086.84,5.4e+08,16,0.135593,0,3,9,752,0,9,3,"45.611199989318798",0.304348,0
"464","LKA",103,"Sri Lanka",2003,0,1136.27,9.3e+08,15,0.164179,1,4,8,811,0,10,3,"45.611199989318798",0.347826,0
"465","LKA",103,"Sri Lanka",2004,0,1181.99,6.6e+08,15,0.116667,0,5,5,817,2,11,3,"45.611199989318798",0.347826,0
"466","LKA",103,"Sri Lanka",2005,1,1242.4,1.5e+09,15,0.114754,1,4,6,828,2,12,3,"37.799999239999998",0.434783,0
"467","SDN",149,"Sudan",1993,0,480.131,7.1e+08,13,0.173913,1,0,0,433,0,4,0,"0",0.041667,0
"468","SDN",149,"Sudan",1994,0,470.4,6.2e+08,13,0.26087,1,2,0,438,0,5,0,"0",0.041667,0
"469","SDN",149,"Sudan",1995,0,484.143,3.3e+08,13,0.174603,1,2,0,437,0,6,0,"0",0.041667,0
"470","SDN",149,"Sudan",1996,0,498.49,3.1e+08,13,0.295082,1,0,0,437,1,7,0,"0",0.0625,0
"471","SDN",149,"Sudan",1997,0,536.223,2.2e+08,13,0.25,1,0,1,437,0,8,0,"0",0.0625,0
"472","SDN",149,"Sudan",1998,0,544.397,3.5e+08,13,0.25,1,0,1,433,0,9,0,"0",0.083333,0
"473","SDN",149,"Sudan",1999,0,546.263,3.8e+08,13,0.222222,1,0,1,414,0,10,0,"0",0.145833,0
"474","SDN",149,"Sudan",2000,0,575.933,3.8e+08,13,0.22449,1,0,0,426,2,11,0,"0",0.166667,0
"475","SDN",149,"Sudan",2001,0,594.557,3.3e+08,13,0.117647,1,0,0,430,0,12,0,"0",0.1875,0
"476","SDN",149,"Sudan",2002,0,608.965,4.6e+08,14,0.118644,1,0,0,433,0,13,0,"0",0.208333,0
"477","SDN",149,"Sudan",2003,0,634.157,8.5e+08,14,0.140625,1,0,0,458,0,14,0,"0",0.25,0
"478","SDN",149,"Sudan",2004,0,647.807,1.2e+09,14,0.114754,1,2,1,443,0,15,0,"0",0.25,0
"479","SDN",149,"Sudan",2005,0,669.397,2.2e+09,16,0.078125,1,1,1,447,0,16,0,"0",0.291667,0
"480","SDN",149,"Sudan",2006,1,715.185,2.4e+09,16,0.055556,1,1,1,454,0,17,0,"0",0.3125,0
"481","THA",168,"Thailand",1993,0,1945.02,8e+08,19,0.195122,0,4,8,868,0,1,1,".",0.227273,0
"482","THA",168,"Thailand",1994,0,2104.54,7.3e+08,19,0.34,0,5,7,883,0,2,1,".",0.227273,0
"483","THA",168,"Thailand",1995,0,2279.74,9.3e+08,19,0.269841,0,7,6,924,2,3,1,".",0.227273,0
"484","THA",168,"Thailand",1996,0,2390.84,1e+09,19,0.357143,0,5,8,966,2,1,1,".",0.227273,0
"485","THA",168,"Thailand",1997,0,2332.8,8.4e+08,19,0.294118,0,7,12,966,0,1,1,".",0.227273,0
"486","THA",168,"Thailand",1998,0,2063.76,9.9e+08,19,0.282609,0,6,12,1013,0,1,1,".",0.227273,0
"487","THA",168,"Thailand",1999,0,2130.36,1.3e+09,19,0.26,0,6,11,1028,0,2,1,".",0.227273,0
"488","THA",168,"Thailand",2000,1,2205.78,8.5e+08,19,0.276596,0,5,9,1085,2,3,1,".",0.272727,0
"489","TUN",173,"Tunisia",1993,0,2158.76,3.9e+08,17,0.204545,0,3,7,711,0,6,3,"0",0.157895,0
"490","TUN",173,"Tunisia",1994,0,2187.46,1.7e+08,17,0.352941,0,4,6,718,1,7,3,"0",0.157895,0
"491","TUN",173,"Tunisia",1995,0,2203.38,1.1e+08,17,0.272727,0,4,6,742,0,8,3,"1.0800000430000001",0.157895,0
"492","TUN",173,"Tunisia",1996,0,2326.6,1.9e+08,17,0.344828,0,6,7,751,0,9,3,"1.0800000430000001",0.157895,0
"493","TUN",173,"Tunisia",1997,0,2419.73,3.1e+08,17,0.288462,0,3,7,751,0,10,3,"1.0800000430000001",0.157895,0
"494","TUN",173,"Tunisia",1998,0,2503.35,2.4e+08,17,0.255319,0,4,5,751,0,11,3,"1.0800000430000001",0.157895,0
"495","TUN",173,"Tunisia",1999,0,2620.49,4.1e+08,17,0.25,0,6,7,748,2,12,3,"1.0800000430000001",0.157895,0
"496","TUN",173,"Tunisia",2000,0,2713.04,3.7e+08,17,0.244898,0,3,5,779,0,13,3,"3.1900000569999998",0.210526,0
"497","TUN",173,"Tunisia",2001,0,2813.82,6.4e+08,17,0.122449,0,4,6,788,0,14,3,"3.1900000569999998",0.210526,0
"498","TUN",173,"Tunisia",2002,0,2832.87,3.7e+08,16,0.12069,0,4,7,804,0,15,3,"3.1900000569999998",0.263158,0
"499","TUN",173,"Tunisia",2003,0,2972.57,4.2e+08,16,0.125,0,4,4,846,0,16,3,"3.1900000569999998",0.263158,0
"500","TUN",173,"Tunisia",2004,0,3124.67,4.4e+08,16,0.1,0,4,5,836,2,17,3,"3.1900000569999998",0.315789,0
"501","TUN",173,"Tunisia",2005,0,3218.96,4.5e+08,16,0.096774,0,3,5,846,0,18,3,"4.5999999049999998",0.421053,0
"502","TUN",173,"Tunisia",2006,0,3358.06,5.2e+08,16,0.069444,0,3,5,866,0,19,3,"4.5999999049999998",0.421053,0
"503","TUN",173,"Tunisia",2007,0,3537.17,3.5e+08,16,0.04918,0,4,3,863,0,20,3,"4.5999999049999998",0.421053,0
"504","TUN",173,"Tunisia",2008,0,3663.26,3.9e+08,16,0.083333,0,3,2,NA,0,21,3,"4.5999999049999998",0.473684,0
"505","TUN",173,"Tunisia",2009,0,3734.95,5.2e+08,16,0.115385,0,4,1,NA,2,22,3,"4.5999999049999998",0.473684,0
"506","TUN",173,"Tunisia",2010,0,3807.07,5.9e+08,16,0.16,0,3,1,NA,0,23,3,"4.6300001139999996",0.526316,0
"507","TUN",173,"Tunisia",2011,1,3687.34,9.2e+08,NA,0.259259,0,NA,NA,NA,NA,24,3,"4.6300001139999996",0.631579,0
"508","TKM",177,"Turkmenistan",1993,0,1658.32,4.6e+07,11,0.375,0,7,5,50,0,2,3,"0",0,0
"509","TKM",177,"Turkmenistan",1994,0,1336.74,4e+07,11,0.464286,0,4,5,65,1,3,3,"0",0,0
"510","TKM",177,"Turkmenistan",1995,0,1213.1,4.3e+07,11,0.636364,0,5,5,84,0,4,3,"0",0,0
"511","TKM",177,"Turkmenistan",1996,0,1270.21,3.2e+07,11,0.666667,0,6,3,95,0,5,3,"0",0,0
"512","TKM",177,"Turkmenistan",1997,0,1107.68,2.8e+07,11,0.588235,0,6,4,95,0,6,3,"0",0,0
"513","TKM",177,"Turkmenistan",1998,0,1170.32,4.1e+07,11,0.461538,0,5,3,103,2,7,3,"0",0,0
"514","TKM",177,"Turkmenistan",1999,0,1346.83,3.5e+07,11,0.45,0,5,3,101,1,8,3,"0",0,0
"515","TKM",177,"Turkmenistan",2000,0,1404.08,5.3e+07,11,0.461538,0,4,2,105,0,9,3,"0",0,0
"516","TKM",177,"Turkmenistan",2001,0,1448.87,1.1e+08,11,0.2,0,6,1,105,0,10,3,"0",0,0
"517","TKM",177,"Turkmenistan",2002,0,1437.31,6.3e+07,11,0.176471,0,5,1,109,0,11,3,"0",0,0
"518","TKM",177,"Turkmenistan",2003,1,1469.01,3.8e+07,11,0.109091,0,3,0,125,1,12,3,"0",0.166667,0
"519","UGA",178,"Uganda",1993,0,210.911,9.6e+08,16,0.205128,0,4,6,423,0,8,0,"0",0.041667,1
"520","UGA",178,"Uganda",1994,0,217.145,1.1e+09,16,0.326923,1,3,8,439,0,9,0,"0",0.041667,1
"521","UGA",178,"Uganda",1995,0,234.466,1.2e+09,16,0.241935,1,4,8,394,0,10,0,".",0.041667,1
"522","UGA",178,"Uganda",1996,0,247.77,9.5e+08,16,0.309091,1,2,8,454,1,11,0,".",0.0625,1
"523","UGA",178,"Uganda",1997,0,252.425,1.2e+09,16,0.234043,1,3,5,464,0,12,0,"0",0.0625,1
"524","UGA",178,"Uganda",1998,0,256.718,1e+09,16,0.26087,1,5,6,484,0,13,0,"0",0.083333,1
"525","UGA",178,"Uganda",1999,0,268.811,9.3e+08,16,0.28,1,3,7,485,0,14,0,"0",0.145833,1
"526","UGA",178,"Uganda",2000,0,268.487,1.4e+09,16,0.26,1,2,5,505,0,15,0,"0",0.166667,1
"527","UGA",178,"Uganda",2001,0,273.26,1.4e+09,16,0.151515,1,3,6,507,1,16,0,"0",0.1875,1
"528","UGA",178,"Uganda",2002,0,287.326,1.1e+09,16,0.090909,1,3,5,536,0,17,0,"0",0.208333,1
"529","UGA",178,"Uganda",2003,0,295.723,1.3e+09,16,0.204082,1,2,5,563,0,18,0,"0",0.25,1
"530","UGA",178,"Uganda",2004,0,305.291,1.5e+09,16,0.125,1,2,6,567,0,19,0,"0",0.25,1
"531","UGA",178,"Uganda",2005,0,313.799,1.4e+09,19,0.088889,1,2,5,569,0,20,0,"0",0.291667,1
"532","UGA",178,"Uganda",2006,0,336.098,1.8e+09,19,0.114286,1,1,8,566,2,21,0,"0",0.3125,1
"533","UGA",178,"Uganda",2007,0,352.309,1.9e+09,19,0.1,1,3,4,570,0,22,0,".",0.333333,1
"534","UGA",178,"Uganda",2008,0,370.336,1.7e+09,19,0.118644,1,3,1,NA,0,23,0,".",0.354167,1
"535","UGA",178,"Uganda",2009,1,384.07,1.9e+09,19,0.166667,1,2,2,NA,0,24,0,".",0.416667,1
"536","UKR",179,"Ukraine",1993,0,1863.03,4.7e+08,15,0.342105,0,7,6,290,0,3,3,".",0,0
"537","UKR",179,"Ukraine",1994,0,1442.9,4.1e+08,17,0.555556,0,4,7,14,2,4,3,".",0,0
"538","UKR",179,"Ukraine",1995,0,1276.92,4.5e+08,17,0.38,0,4,6,421,0,1,2,".",0,0
"539","UKR",179,"Ukraine",1996,0,1159.47,5.4e+08,17,0.520833,0,6,6,535,0,2,2,".",0,0
"540","UKR",179,"Ukraine",1997,0,1134.98,2.6e+08,17,0.44186,0,5,6,650,0,3,2,".",0,0
"541","UKR",179,"Ukraine",1998,0,1123.41,5.8e+08,17,0.388889,0,6,6,801,2,4,2,".",0,0
"542","UKR",179,"Ukraine",1999,1,1131.78,6.9e+08,17,0.4,0,6,7,801,2,5,2,"26.030000690000001",0,0
"543","URY",180,"Uruguay",1993,0,4445.39,1.8e+08,20,0.333333,0,7,14,828,0,4,1,".",0.114286,0
"544","URY",180,"Uruguay",1994,0,4734.26,1.2e+08,20,0.44898,0,7,12,830,2,5,1,".",0.142857,0
"545","URY",180,"Uruguay",1995,0,4632.23,9.1e+07,20,0.322581,0,6,12,871,0,1,1,"5.3000001909999996",0.142857,0
"546","URY",180,"Uruguay",1996,0,4855.68,4.7e+07,20,0.454545,0,7,14,892,0,2,1,"5.3000001909999996",0.142857,0
"547","URY",180,"Uruguay",1997,0,5233.72,4.8e+07,20,0.387755,0,5,13,892,0,3,1,"5.3000001909999996",0.142857,0
"548","URY",180,"Uruguay",1998,0,5435.11,3.5e+07,20,0.311111,0,6,14,913,0,4,1,"5.3000001909999996",0.142857,0
"549","URY",180,"Uruguay",1999,0,5302,3.2e+07,20,0.282609,0,7,14,923,2,5,1,"5.3000001909999996",0.142857,0
"550","URY",180,"Uruguay",2000,0,5180.95,2.7e+07,20,0.326087,0,7,12,982,0,1,1,"40.099998470000003",0.142857,0
"551","URY",180,"Uruguay",2001,0,4972.92,2.4e+07,20,0.212766,1,8,13,983,0,2,1,"40.099998470000003",0.142857,0
"552","URY",180,"Uruguay",2002,0,4587.4,1.8e+07,20,0.214286,1,8,13,1012,0,3,1,"40.099998470000003",0.142857,0
"553","URY",180,"Uruguay",2003,0,4627.24,3e+07,20,0.214286,0,6,13,1062,0,4,1,"40.099998470000003",0.2,0
"554","URY",180,"Uruguay",2004,1,4861.12,3.6e+07,20,0.134615,1,6,12,1071,2,5,1,"40.099998470000003",0.257143,0
"555","UZB",182,"Uzbekistan",1993,0,441.504,1.2e+07,11,NA,0,4,5,84,0,2,3,"0",0,0
"556","UZB",182,"Uzbekistan",1994,0,410.41,4.2e+07,11,0.457143,0,5,6,114,1,3,3,".",0,0
"557","UZB",182,"Uzbekistan",1995,0,399.433,9.9e+07,11,0.833333,0,3,5,114,1,4,3,"0",0,0
"558","UZB",182,"Uzbekistan",1996,0,398.528,1.1e+08,11,0.69697,0,5,5,146,0,5,3,".",0,0
"559","UZB",182,"Uzbekistan",1997,0,411.421,1.7e+08,11,0.653846,0,2,6,167,0,6,3,".",0,0
"560","UZB",182,"Uzbekistan",1998,0,422.261,2.1e+08,11,0.818182,0,4,1,184,0,7,3,".",0,0
"561","UZB",182,"Uzbekistan",1999,0,435.696,1.9e+08,11,0.764706,1,3,1,198,1,8,3,".",0,0
"562","UZB",182,"Uzbekistan",2000,0,446.038,2.3e+08,11,0.714286,1,2,1,228,1,9,3,"0",0,0
"563","UZB",182,"Uzbekistan",2001,0,458.925,2.1e+08,11,NA,0,3,2,240,0,10,3,"0",0,0
"564","UZB",182,"Uzbekistan",2002,0,471.476,2.6e+08,11,0.4375,0,3,1,252,0,11,3,"0",0,0
"565","UZB",182,"Uzbekistan",2003,1,485.595,2.4e+08,11,0.363636,0,2,1,261,0,12,3,"0",0.166667,0
"566","UZB",182,"Uzbekistan",2004,0,NA,1.46799,1,0.166667,1,1,0,279,1,13,3,"0",0.166667,0
"567","VEN",184,"Venezuela",1993,0,5753.08,6.1e+07,18,0.232558,0,1,11,1050,2,5,1,"31.100000380000001",0.114286,0
"568","VEN",184,"Venezuela",1994,0,5496.77,3.7e+07,18,0.326531,0,1,10,1046,0,1,0,".",0.142857,0
"569","VEN",184,"Venezuela",1995,0,5593.58,5.8e+07,18,0.285714,0,1,10,1085,0,2,0,".",0.142857,0
"570","VEN",184,"Venezuela",1996,0,5467.51,5.2e+07,18,0.38983,0,2,13,1083,0,3,0,".",0.142857,0
"571","VEN",184,"Venezuela",1997,0,5698.78,5400000,18,0.320755,0,2,10,1083,0,4,0,".",0.142857,0
"572","VEN",184,"Venezuela",1998,0,5602.96,6.5e+07,18,0.266667,0,3,12,1112,2,5,0,".",0.142857,0
"573","VEN",184,"Venezuela",1999,0,5166.72,7.2e+07,17,0.254902,0,4,10,1118,2,1,0,"21.739999770000001",0.142857,0
"574","VEN",184,"Venezuela",2000,0,5255.69,1.4e+08,17,0.26,0,4,9,1169,2,2,0,"21.739999770000001",0.142857,0
"575","VEN",184,"Venezuela",2001,0,5332.94,7.5e+07,16,0.153846,0,4,9,1160,0,3,0,"16.100000380000001",0.142857,0
"576","VEN",184,"Venezuela",2002,0,4771.81,9.2e+07,16,0.166667,0,4,8,1187,0,4,0,"16.100000380000001",0.142857,0
"577","VEN",184,"Venezuela",2003,0,4322.64,1.1e+08,16,0.153846,0,4,NA,1253,0,5,0,"16.100000380000001",0.2,0
"578","VEN",184,"Venezuela",2004,0,5022.74,5.5e+07,16,0.084746,0,2,7,1257,1,6,0,"16.100000380000001",0.257143,0
"579","VEN",184,"Venezuela",2005,0,5444.66,6.1e+07,16,0.079365,0,2,7,1275,2,7,0,"16.100000380000001",0.314286,0
"580","VEN",184,"Venezuela",2006,0,5879.87,7.4e+07,15,0.067568,0,2,8,1259,2,8,0,"0",0.314286,0
"581","VEN",184,"Venezuela",2007,0,6287.04,8.4e+07,15,0.044776,0,2,6,1255,0,9,0,"0",0.342857,0
"582","VEN",184,"Venezuela",2008,0,6509.56,6e+07,15,0.05,0,3,5,NA,0,10,0,"0",0.342857,0
"583","VEN",184,"Venezuela",2009,0,6199.09,6.9e+07,17,0.109091,0,3,5,NA,0,11,0,"0",0.342857,0
"584","VEN",184,"Venezuela",2010,1,6010.03,5.6e+07,17,0.096154,0,2,6,NA,2,12,0,"0",0.371429,0
"585","VNM",185,"Vietnam",1993,0,317.118,4.3e+08,13,0.095238,0,5,2,264,0,1,3,"0",0.227273,0
"586","VNM",185,"Vietnam",1994,0,339.397,1.4e+09,13,0.212766,0,4,3,216,0,2,3,"0",0.227273,0
"587","VNM",185,"Vietnam",1995,0,365.73,1.1e+09,13,0.152542,0,5,2,299,0,3,3,"0",0.227273,0
"588","VNM",185,"Vietnam",1996,0,393.542,1.3e+09,13,0.230769,0,5,1,327,0,4,3,"0",0.227273,0
"589","VNM",185,"Vietnam",1997,0,419.036,1.5e+09,13,0.111111,0,5,2,354,0,5,3,"0",0.227273,0
"590","VNM",185,"Vietnam",1998,0,436.44,1.8e+09,13,0.1,0,4,0,383,0,1,3,"0",0.227273,0
"591","VNM",185,"Vietnam",1999,0,450.466,2e+09,13,0.090909,0,4,0,421,0,2,3,"0",0.227273,0
"592","VNM",185,"Vietnam",2000,0,474.632,2.4e+09,13,0.191489,0,4,1,464,0,3,3,"0",0.272727,0
"593","VNM",185,"Vietnam",2001,0,500.968,2.3e+09,13,0.086957,0,2,1,486,0,4,3,"0",0.318182,0
"594","VNM",185,"Vietnam",2002,0,530.248,2e+09,13,0.072727,0,4,1,513,1,5,3,"0",0.304348,0
"595","VNM",185,"Vietnam",2003,0,562.599,2.5e+09,13,0.096774,0,4,1,552,0,6,3,"0",0.347826,0
"596","VNM",185,"Vietnam",2004,0,599.205,2.3e+09,13,0.036364,0,3,1,565,0,7,3,"0",0.347826,0
"597","VNM",185,"Vietnam",2005,0,642.251,2.4e+09,13,0.050847,0,5,1,590,0,8,3,"0",0.434783,0
"598","VNM",185,"Vietnam",2006,0,687.429,2.3e+09,13,0.054795,0,4,1,613,0,9,3,"0",0.478261,0
"599","VNM",185,"Vietnam",2007,0,737.522,2.9e+09,13,0.046875,0,3,1,610,1,1,3,"0",0.521739,0
"600","VNM",185,"Vietnam",2008,0,775.763,2.8e+09,13,0.05,0,2,1,NA,0,2,3,"0",0.521739,0
"601","VNM",185,"Vietnam",2009,1,808.488,4.1e+09,13,0.109091,0,4,1,NA,0,3,3,"0",0.608696,0
"602","ZWE",192,"Zimbabwe",1993,0,614.392,8e+08,14,0.186047,0,4,9,649,0,6,0,".",0.041667,1
"603","ZWE",192,"Zimbabwe",1994,0,658.339,8.7e+08,14,0.3,0,6,9,680,0,7,0,".",0.041667,1
"604","ZWE",192,"Zimbabwe",1995,0,647.442,6.8e+08,14,0.253968,0,4,9,699,2,8,0,".",0.041667,1
"605","ZWE",192,"Zimbabwe",1996,0,702.052,5.3e+08,14,0.338983,0,4,10,702,2,9,0,"6",0.0625,1
"606","ZWE",192,"Zimbabwe",1997,0,708.92,5.1e+08,14,0.24,0,6,9,702,0,10,0,"6",0.0625,1
"607","ZWE",192,"Zimbabwe",1998,0,718.418,4.1e+08,14,0.2,0,5,9,699,0,11,0,"6",0.083333,1
"608","ZWE",192,"Zimbabwe",1999,0,703.612,3.6e+08,17,0.2,0,6,6,714,0,12,0,"6",0.145833,1
"609","ZWE",192,"Zimbabwe",2000,0,675.6,2.8e+08,17,0.255319,0,4,5,728,2,13,0,"6",0.166667,1
"610","ZWE",192,"Zimbabwe",2001,0,680.801,2.7e+08,16,0.157895,0,3,3,725,0,14,0,"47",0.1875,1
"611","ZWE",192,"Zimbabwe",2002,0,617.593,3e+08,16,0.097561,0,2,2,728,2,15,0,"47",0.208333,1
"612","ZWE",192,"Zimbabwe",2003,0,511.331,2.5e+08,16,0.153846,0,2,1,743,0,16,0,"47",0.25,1
"613","ZWE",192,"Zimbabwe",2004,0,480.878,2.3e+08,16,0.070175,0,2,3,732,0,17,0,"47",0.25,1
"614","ZWE",192,"Zimbabwe",2005,0,452.789,4.5e+08,16,0.078125,0,2,1,717,2,18,0,"47",0.291667,1
"615","ZWE",192,"Zimbabwe",2006,0,436.644,3.2e+08,16,0.073529,0,2,2,693,0,19,0,"39.511200004577603",0.3125,1
"616","ZWE",192,"Zimbabwe",2007,1,420.169,5e+08,16,0.060606,0,1,3,692,0,20,0,"39.511200004577603",0.333333,1
