"","cowcode","CountryName","year","Nelda_electionid","RequestTechElAsst_UN","ProvisionTechElAsst_UN","RequestObservers","ProvisionObservers","AdminCapacityDayFILLED_Lag13","Regime","demand2el","demand2elLOG","UNbudgetconstraintRqLog","WB_GDPpc_Lag1Log","DPI_oppvote_Lag1","Prio_CWPast10","UNPKO_dummy","WB_pop_Lag1Log","type3","Nelda_UncertainElection","Nelda_OppoCompLag","ProvisionTechElAsst_Other","Nelda_IncConfident","Snap","Nelda_PreviousCondemnation","WB_ODA_Lag1mLog","Ross_oilgas_valuePOP2000_Lag1LOG","QED_SR21CHEATd","numberY_elections","numberY_requestObs","numberY_provisionObs","numberY_requestTechElAsstUN","numberY_provisionTechElAsstUN"
"1",40,"Cuba",1993,1,0,0,0,0,3,0,NA,NA,0,7.6299204826355,0,0,0,16.1882820129395,0,1,NA,0,1,0,NA,20.8868980407715,2.73546600341797,0,42,30,29,17,8
"2",40,"Cuba",1998,2,0,0,0,0,3,0,NA,NA,0,7.74397897720337,0,0,0,16.2127056121826,0,0,0,0,1,0,0,20.9400539398193,3.15695881843567,0,39,22,22,6,6
"3",40,"Cuba",2003,3,0,0,0,0,3,0,NA,NA,0,8.00827789306641,0,0,0,16.2292289733887,0,0,0,0,1,0,0,20.9429473876953,3.75695323944092,0,35,24,22,15,12
"4",41,"Haiti",1990,4,1,1,1,1,3,0,5,1.7917594909668,1.0986123085022,NA,0,1,0,15.758186340332,2,1,1,0,NA,0,0,21.1139221191406,-9.21034049987793,0,34,17,17,3,3
"5",41,"Haiti",1995,5,1,1,1,1,3,2,9,2.30258512496948,2.7725887298584,5.61707401275635,0,1,1,15.8599319458008,0,1,1,1,0,0,0,21.4112339019775,-9.21034049987793,0,39,25,25,15,7
"6",41,"Haiti",1995,6,1,1,1,1,3,2,15,2.7725887298584,2.7725887298584,5.61707401275635,0,1,1,15.8599319458008,1,0,1,0,1,0,0,21.4112339019775,-9.21034049987793,0,39,25,25,15,7
"7",41,"Haiti",1997,7,0,0,1,1,1,2,NA,NA,0,5.91318702697754,0,1,1,15.8989324569702,0,0,1,0,1,0,0,21.2155818939209,-9.21034049987793,1,42,25,25,10,9
"8",41,"Haiti",2000,8,1,1,1,1,2,1,12,2.56494927406311,3.21887588500977,6.17646312713623,0,1,1,15.9550304412842,0,1,1,0,1,0,0,21.1424102783203,-9.21034049987793,1,45,35,33,11,5
"9",41,"Haiti",2000,9,1,0,1,1,1,1,2,1.0986123085022,2.83321332931519,6.17646312713623,0,1,1,15.9550304412842,1,0,1,0,NA,0,1,21.1424102783203,-9.21034049987793,1,45,35,33,11,5
"10",42,"Dominican Republic",1990,10,0,0,1,1,3,2,NA,NA,0,6.85476398468018,0,0,0,15.7686061859131,2,0,1,0,NA,0,0,21.046703338623,-9.21034049987793,1,34,17,17,3,3
"11",42,"Dominican Republic",1994,11,0,0,1,1,3,2,NA,NA,0,7.43865919113159,0,0,0,15.8477392196655,2,0,1,1,NA,0,0,20.8557224273682,-9.21034049987793,1,40,28,28,17,10
"12",42,"Dominican Republic",1996,12,0,0,1,1,3,1,1,0.6931471824646,2.99573230743408,7.63357782363892,58.8000030517578,0,0,15.8844356536865,1,0,1,0,NA,0,1,20.9686164855957,-9.21034049987793,0,46,33,33,14,11
"13",42,"Dominican Republic",1998,13,0,0,0,0,3,2,NA,NA,0,7.77996110916138,0,0,0,15.9184999465942,0,0,1,0,0,0,0,20.9451122283936,-9.21034049987793,0,39,22,22,6,6
"14",42,"Dominican Republic",2000,14,0,0,1,1,3,2,NA,NA,0,7.85035181045532,68.1800003051758,0,0,15.9506425857544,1,0,1,0,NA,0,0,21.0648326873779,-9.21034049987793,0,45,35,33,11,5
"15",42,"Dominican Republic",2002,15,0,0,1,1,3,2,2,1.0986123085022,2.94443893432617,7.95608234405518,47.2099990844727,0,0,15.9818468093872,0,0,1,0,1,0,0,20.9841213226318,-9.21034049987793,0,46,34,33,13,6
"16",51,"Jamaica",1993,16,0,0,0,0,3,2,NA,NA,0,7.28557205200195,44.0999984741211,0,0,14.7005348205566,0,0,1,0,1,0,0,20.999927520752,-9.21034049987793,1,42,30,29,17,8
"17",51,"Jamaica",1997,17,0,0,1,1,2,2,NA,NA,0,7.86349678039551,39.439998626709,0,0,14.7357625961304,0,0,1,0,1,0,0,20.9235668182373,-9.21034049987793,1,42,25,25,10,9
"18",51,"Jamaica",2002,18,1,1,1,1,2,2,5,1.7917594909668,2.94443893432617,8.1591739654541,40,0,0,14.7728624343872,0,0,1,0,1,0,0,20.9435806274414,-9.21034049987793,0,46,34,33,13,6
"19",52,"Trinidad and Tobago",1991,19,0,0,0,0,3,2,NA,NA,0,8.33556461334229,31.1000003814697,1,0,14.0106611251831,0,0,1,0,0,0,0,20.8820705413818,7.55593013763428,0,32,13,13,0,0
"20",52,"Trinidad and Tobago",1995,20,0,0,0,0,3,2,NA,NA,0,8.28103733062744,53.5599975585938,1,0,14.0410509109497,0,0,1,0,1,1,0,20.8844833374023,7.12787532806396,0,39,25,25,15,7
"21",52,"Trinidad and Tobago",2000,21,0,0,1,1,3,2,NA,NA,0,8.5737829208374,48.7599983215332,1,0,14.0677242279053,0,0,1,0,0,0,0,20.8916835784912,7.16924619674683,0,45,35,33,11,5
"22",52,"Trinidad and Tobago",2001,22,0,0,1,1,3,2,NA,NA,0,8.75006675720215,48.7599983215332,0,0,14.0717468261719,0,0,1,0,0,1,0,20.8538036346436,7.75931167602539,0,34,24,24,10,6
"23",52,"Trinidad and Tobago",2002,23,0,0,0,0,2,2,NA,NA,0,8.82530498504639,48.7599983215332,0,0,14.0755348205566,0,0,1,0,0,0,0,20.85325050354,7.86951780319214,0,46,34,33,13,6
"24",70,"Mexico",1991,24,0,0,0,0,3,1,NA,NA,0,8.04434490203857,17.9599990844727,0,0,18.2499713897705,0,0,1,0,1,0,0,21.0482444763184,6.06774282455444,1,32,13,13,0,0
"25",70,"Mexico",1994,25,1,1,1,1,1,1,4,1.60943794250488,2.7725887298584,8.41730880737305,17.9599990844727,0,0,18.3053779602051,2,0,1,0,1,0,0,21.3028354644775,5.67423820495605,0,40,28,28,17,10
"26",70,"Mexico",1997,26,0,0,1,1,3,1,NA,NA,0,8.17383766174316,42.75,1,0,18.3572978973389,0,0,1,0,NA,0,1,21.1065807342529,5.76792287826538,0,42,25,25,10,9
"27",70,"Mexico",2000,27,1,0,1,1,3,2,8,2.19722461700439,3.21887588500977,8.49384784698486,59.3300018310547,1,0,18.4057064056396,2,0,1,0,0,0,0,20.9075679779053,5.62560844421387,0,45,35,33,11,5
"28",70,"Mexico",2003,28,1,0,0,0,3,2,3,1.3862943649292,1.60943794250488,8.7521333694458,59.1199989318848,1,0,18.4466819763184,0,0,1,0,0,0,0,20.9906101226807,5.78934335708618,0,35,24,22,15,12
"29",90,"Guatemala",1990,29,0,0,1,1,3,1,NA,NA,0,6.87147998809814,59.5,1,0,15.9812936782837,2,0,1,0,0,0,0,21.1835346221924,1.45097804069519,0,34,17,17,3,3
"30",90,"Guatemala",1994,30,0,0,0,0,3,1,NA,NA,0,7.08329772949219,19,1,0,16.0735759735107,0,0,1,0,0,0,0,21.0917911529541,1.54649841785431,0,40,28,28,17,10
"31",90,"Guatemala",1995,31,0,0,1,1,3,1,NA,NA,0,7.19022798538208,19,1,0,16.0966968536377,2,0,1,0,0,0,0,21.0893936157227,1.7165447473526,0,39,25,25,15,7
"32",90,"Guatemala",1999,32,1,1,1,1,3,2,6,1.94591009616852,3.21887588500977,7.5002965927124,29.1000003814697,1,1,16.187915802002,2,0,1,0,0,0,0,21.1190376281738,2.57079815864563,0,48,36,35,17,12
"33",90,"Guatemala",2003,33,1,0,1,1,2,2,5,1.7917594909668,1.60943794250488,7.47345542907715,0,1,0,16.2836399078369,2,0,1,1,0,0,0,21.1375789642334,2.58806133270264,0,35,24,22,15,12
"34",91,"Honduras",1993,34,0,0,1,1,3,2,NA,NA,0,6.49526357650757,45.0799980163574,0,0,15.4574890136719,2,0,1,1,NA,0,0,21.2346096038818,-9.21034049987793,0,42,30,29,17,8
"35",91,"Honduras",1997,35,1,1,1,1,1,2,2,1.0986123085022,2.56494927406311,6.56089878082275,45.8000030517578,0,0,15.5571346282959,2,0,1,0,1,0,0,21.1927452087402,-9.21034049987793,0,42,25,25,10,9
"36",91,"Honduras",2001,36,1,0,1,1,3,2,5,1.7917594909668,2.89037179946899,7.04115772247314,45.5,0,0,15.6429834365845,2,0,1,0,0,0,0,21.311990737915,-9.21034049987793,0,34,24,24,10,6
"37",92,"El Salvador",1991,37,0,0,1,1,3,2,NA,NA,0,6.8026762008667,0,1,0,15.4893951416016,0,0,1,0,0,0,0,21.2396106719971,-9.21034049987793,0,32,13,13,0,0
"38",92,"El Salvador",1994,38,1,1,1,1,3,2,14,2.70805025100708,2.94443893432617,7.12485313415527,49.2000007629395,1,1,15.5354242324829,2,0,1,0,0,0,0,21.2667064666748,-9.21034049987793,0,40,28,28,17,10
"39",92,"El Salvador",1997,39,0,0,1,1,2,2,NA,NA,0,7.48503255844116,38,1,0,15.5718851089478,0,0,1,0,0,0,1,21.1437377929688,-9.21034049987793,0,42,25,25,10,9
"40",92,"El Salvador",1999,40,1,1,1,1,3,2,18,2.94443893432617,2.56494927406311,7.62212991714478,66.1100006103516,1,0,15.5867433547974,1,0,1,0,1,0,0,21.0598526000977,-9.21034049987793,0,48,36,35,17,12
"41",92,"El Salvador",2000,41,0,0,1,1,3,2,NA,NA,0,7.65382146835327,66.1100006103516,1,0,15.5923414230347,0,0,1,0,0,0,0,21.0558738708496,-9.21034049987793,0,45,35,33,11,5
"42",92,"El Salvador",2003,42,0,0,1,1,3,2,NA,NA,0,7.77868700027466,40.6000022888184,0,0,15.6053066253662,0,0,1,0,0,0,0,21.1226997375488,-9.21034049987793,0,35,24,22,15,12
"43",93,"Nicaragua",1990,43,1,1,1,1,3,1,11,2.4849066734314,0.6931471824646,5.52722454071045,32.7999992370605,1,0,15.2091550827026,2,0,1,1,0,0,0,21.1800384521484,-9.21034049987793,0,34,17,17,3,3
"44",93,"Nicaragua",1996,44,1,0,1,1,3,2,1,0.6931471824646,2.99573230743408,6.79448843002319,2.55999994277954,1,0,15.3495864868164,2,0,1,0,0,0,0,21.3948516845703,-9.21034049987793,0,46,33,33,14,11
"45",93,"Nicaragua",2001,45,1,1,1,1,2,2,7,2.0794415473938,2.89037179946899,6.91436052322388,50.0499992370605,0,0,15.4395818710327,2,0,1,0,0,0,0,21.406457901001,-9.21034049987793,0,34,24,24,10,6
"46",94,"Costa Rica",1990,46,0,0,1,1,3,2,NA,NA,0,7.73807382583618,0,0,0,14.9118318557739,2,0,1,0,0,0,0,21.1401844024658,-9.21034049987793,0,34,17,17,3,3
"47",94,"Costa Rica",1994,47,0,0,1,1,3,2,NA,NA,0,7.97854328155518,0,0,0,15.0104665756226,2,0,1,0,0,0,0,20.9758911132812,-9.21034049987793,0,40,28,28,17,10
"48",94,"Costa Rica",1998,48,0,0,1,1,3,2,NA,NA,0,8.16521072387695,53.5699996948242,0,0,15.1097621917725,2,0,1,0,0,0,0,20.8593425750732,-9.21034049987793,0,39,22,22,6,6
"49",94,"Costa Rica",2002,49,0,0,1,1,3,2,NA,NA,0,8.3182258605957,48.4800033569336,0,0,15.2025413513184,2,0,1,0,0,0,0,20.8744144439697,-9.21034049987793,0,46,34,33,13,6
"50",95,"Panama",1991,50,0,0,1,1,3,2,NA,NA,0,7.69586706161499,0,1,0,14.6975927352905,0,0,1,0,0,0,1,20.9815368652344,-9.21034049987793,0,32,13,13,0,0
"51",95,"Panama",1994,51,1,1,1,1,3,2,6,1.94591009616852,2.94443893432617,7.94535064697266,0,1,0,14.7592887878418,2,0,1,0,0,0,0,20.9377555847168,-9.21034049987793,0,40,28,28,17,10
"52",95,"Panama",1999,52,0,0,1,1,3,2,NA,NA,0,8.25453853607178,0,1,0,14.8604679107666,2,0,1,1,0,0,0,20.8900680541992,-9.21034049987793,1,48,36,35,17,12
"53",100,"Colombia",1990,53,0,0,1,1,3,2,NA,NA,0,7.10206174850464,45.7600021362305,1,0,17.2985191345215,2,0,1,0,NA,0,0,20.9598064422607,4.77024936676025,0,34,17,17,3,3
"54",100,"Colombia",1990,54,0,0,NA,NA,3,2,NA,NA,0,7.10206174850464,45.7600021362305,1,0,17.2985191345215,1,0,1,0,1,0,0,20.9598064422607,4.77024936676025,0,34,17,17,3,3
"55",100,"Colombia",1991,55,0,0,0,0,3,2,NA,NA,0,7.10081672668457,45.7600021362305,1,0,17.3181610107422,0,0,1,0,1,0,NA,20.9696578979492,5.05566263198853,0,32,13,13,0,0
"56",100,"Colombia",1994,56,1,1,0,0,3,2,13,2.63905739784241,2.94443893432617,7.37005758285522,0,1,0,17.3750267028809,0,0,1,0,1,0,0,20.9647922515869,4.61446666717529,0,40,28,28,17,10
"57",100,"Colombia",1994,57,0,0,0,0,3,2,NA,NA,0,7.37005758285522,0,1,0,17.3750267028809,1,0,1,0,1,0,0,20.9647922515869,4.61446666717529,0,40,28,28,17,10
"58",100,"Colombia",1998,58,0,0,0,0,3,2,NA,NA,0,7.94574785232544,0,1,0,17.4471588134766,0,0,1,0,0,0,0,21.0751476287842,4.90950155258179,0,39,22,22,6,6
"59",100,"Colombia",1998,59,0,0,0,0,3,2,NA,NA,0,7.94574785232544,0,1,0,17.4471588134766,1,0,1,0,0,0,0,21.0751476287842,4.90950155258179,0,39,22,22,6,6
"60",100,"Colombia",2002,60,1,0,1,1,3,2,34,3.55534815788269,3.21887588500977,7.79540872573853,52.2000007629395,1,0,17.5149002075195,0,0,1,0,0,0,0,21.2378959655762,5.16090297698975,0,46,34,33,13,6
"61",100,"Colombia",2002,61,1,0,1,1,3,2,36,3.61091780662537,3.21887588500977,7.79540872573853,52.2000007629395,1,0,17.5149002075195,1,0,1,0,0,0,0,21.2378959655762,5.16090297698975,0,46,34,33,13,6
"62",101,"Venezuela",1993,62,0,0,1,1,3,2,NA,NA,0,7.94812393188477,53.9000015258789,1,0,16.8436622619629,2,1,1,0,0,0,0,20.8962345123291,7.09363460540771,1,42,30,29,17,8
"63",101,"Venezuela",1998,63,0,0,1,1,1,2,NA,NA,0,8.22649955749512,0,1,0,16.9492206573486,0,1,1,1,0,0,0,20.8624458312988,7.17331457138062,0,39,22,22,6,6
"64",101,"Venezuela",1998,64,0,0,1,1,3,2,2,1.0986123085022,2.70805025100708,8.22649955749512,0,1,0,16.9492206573486,1,1,1,0,0,0,0,20.8624458312988,7.17331457138062,0,39,22,22,6,6
"65",101,"Venezuela",1999,65,0,0,NA,NA,3,2,NA,NA,0,8.26903629302979,0,1,0,16.9688014984131,0,0,1,0,NA,0,0,20.9099197387695,6.77232265472412,0,48,36,35,17,12
"66",101,"Venezuela",2000,66,0,0,1,1,3,2,0,0,2.83321332931519,8.31996250152588,51.9300003051758,1,0,16.9880065917969,2,1,1,0,1,0,0,20.9151744842529,6.94977378845215,0,45,35,33,11,5
"67",110,"Guyana",1992,67,1,1,1,1,3,0,4,1.60943794250488,3.36729574203491,6.14294385910034,20.5,0,0,13.4917840957642,0,1,1,0,NA,0,0,21.0134773254395,-9.21034049987793,0,52,29,29,12,6
"68",110,"Guyana",1997,68,1,1,1,1,3,2,22,3.13549423217773,2.99573230743408,6.87486886978149,42,0,0,13.499415397644,0,1,1,0,NA,0,0,21.0078048706055,-9.21034049987793,0,42,25,25,10,9
"69",110,"Guyana",2001,69,1,1,1,1,3,2,10,2.39789533615112,2.83321332931519,6.87948751449585,40.5999984741211,0,0,13.5050392150879,0,0,1,0,NA,0,NA,20.9937896728516,-9.21034049987793,0,34,24,24,10,6
"70",130,"Ecuador",1990,70,0,0,0,0,3,2,NA,NA,0,6.85665225982666,0,0,0,16.1208038330078,0,0,1,0,1,0,0,21.0762939453125,5.61176681518555,0,34,17,17,3,3
"71",130,"Ecuador",1992,71,0,0,0,0,3,2,NA,NA,0,6.98607969284058,0,0,0,16.1662654876709,2,0,1,0,1,0,0,21.1289367675781,5.61641693115234,0,52,29,29,12,6
"72",130,"Ecuador",1994,72,0,0,NA,NA,3,2,NA,NA,0,7.22638130187988,0,0,0,16.2091407775879,0,0,1,0,NA,0,0,21.1219615936279,5.49039030075073,0,40,28,28,17,10
"73",130,"Ecuador",1996,73,0,0,NA,NA,3,2,NA,NA,0,7.4814658164978,0,0,0,16.2477645874023,2,0,1,0,0,0,0,21.0756607055664,5.52041435241699,0,46,33,33,14,11
"74",130,"Ecuador",1997,74,0,0,NA,NA,3,2,NA,NA,0,7.51580715179443,0,0,0,16.2651424407959,0,0,1,0,NA,0,0,21.1086311340332,5.66674661636353,0,42,25,25,10,9
"75",130,"Ecuador",1998,75,0,0,NA,NA,3,2,NA,NA,0,7.60511159896851,0,0,0,16.2814044952393,2,1,1,0,NA,0,0,21.0301113128662,5.56426382064819,0,39,22,22,6,6
"76",130,"Ecuador",2002,76,1,0,NA,NA,3,2,6,1.94591009616852,2.94443893432617,7.43422937393188,37.7799987792969,0,0,16.3453941345215,2,1,1,0,NA,0,0,21.0768909454346,5.69683885574341,0,46,34,33,13,6
"77",135,"Peru",1990,77,0,0,NA,NA,3,2,NA,NA,0,6.87585163116455,45.7999992370605,0,0,16.8715705871582,2,0,1,0,0,0,0,21.2429752349854,4.07686519622803,0,34,17,17,3,3
"78",135,"Peru",1992,78,1,1,1,1,3,2,NA,NA,3.36729574203491,7.35342741012573,43.2999992370605,0,0,16.9120864868164,0,0,1,0,NA,0,0,21.4193096160889,3.98126697540283,0,52,29,29,12,6
"79",135,"Peru",1995,79,1,1,1,1,2,1,NA,NA,3.36729574203491,7.55948638916016,0,1,0,16.9684391021729,2,0,1,1,1,0,0,21.1960468292236,3.67069125175476,0,39,25,25,15,7
"80",135,"Peru",2000,80,0,0,1,1,1,1,NA,NA,0,7.61168384552002,37.8600006103516,1,0,17.0533485412598,2,0,1,1,NA,0,0,21.2685108184814,3.45353507995605,1,45,35,33,11,5
"81",135,"Peru",2001,81,1,1,1,1,1,1,4,1.60943794250488,2.83321332931519,7.63074111938477,37.8600006103516,1,0,17.0682811737061,2,1,1,1,NA,0,1,21.2290458679199,3.73260831832886,0,34,24,24,10,6
"82",140,"Brazil",1990,82,0,0,0,0,3,2,NA,NA,0,7.97020864486694,34.0999984741211,0,0,18.8065452575684,0,0,1,0,1,0,0,21.1048278808594,3.68800473213196,0,34,17,17,3,3
"83",140,"Brazil",1994,83,1,1,1,1,3,2,11,2.4849066734314,2.94443893432617,7.93450212478638,52.75,0,0,18.8716659545898,2,1,1,0,NA,0,0,21.0678901672363,3.51882839202881,0,40,28,28,17,10
"84",140,"Brazil",1998,84,0,0,0,0,3,2,NA,NA,0,8.56041717529297,42.5,0,0,18.9327201843262,2,0,1,0,1,0,0,21.1287250518799,3.73745441436768,0,39,22,22,6,6
"85",140,"Brazil",2002,85,0,0,0,0,3,2,NA,NA,0,8.04870986938477,41.189998626709,0,0,18.990966796875,2,0,1,0,0,0,0,21.1309223175049,4.30665731430054,0,46,34,33,13,6
"86",145,"Bolivia",1993,86,0,0,0,0,3,2,NA,NA,0,6.69611120223999,41.1399993896484,0,0,15.7577238082886,2,0,1,0,0,0,0,21.4530334472656,4.23958826065063,0,42,30,29,17,8
"87",145,"Bolivia",1997,87,0,0,1,1,2,2,NA,NA,0,6.87573719024658,35.3800010681152,0,0,15.848596572876,2,0,1,1,0,0,0,21.514274597168,4.36748027801514,0,42,25,25,10,9
"88",145,"Bolivia",2002,88,1,1,1,1,3,2,8,2.19722461700439,2.89037179946899,6.86740922927856,39.7999992370605,0,0,15.9528331756592,2,1,1,0,0,0,0,21.5502319335938,5.01212930679321,0,46,34,33,13,6
"89",150,"Paraguay",1991,89,0,0,0,0,1,1,NA,NA,0,7.12328624725342,23.6000003814697,1,0,15.2609834671021,0,0,1,0,0,0,0,20.9293689727783,-9.21034049987793,1,32,13,13,0,0
"90",150,"Paraguay",1993,90,1,1,1,1,3,2,1,0.6931471824646,2.94443893432617,7.27491903305054,23.6000003814697,1,0,15.3117303848267,2,0,1,0,0,0,0,20.9642105102539,-9.21034049987793,1,42,30,29,17,8
"91",150,"Paraguay",1998,91,0,0,1,1,3,2,NA,NA,0,7.47830247879028,51.3000030517578,1,0,15.4278745651245,2,0,1,1,0,0,0,20.9785823822021,-9.21034049987793,0,39,22,22,6,6
"92",150,"Paraguay",2000,92,0,0,1,1,3,2,NA,NA,0,7.23943614959717,42.7700004577637,0,0,15.4706125259399,1,0,1,0,1,0,0,20.9464569091797,-9.21034049987793,0,45,35,33,11,5
"93",150,"Paraguay",2003,93,1,1,1,1,3,2,4,1.60943794250488,2.94443893432617,6.81893491744995,42.7700004577637,0,0,15.5319557189941,2,0,1,0,0,0,0,20.9253082275391,-9.21034049987793,0,35,24,22,15,12
"94",155,"Chile",1993,94,0,0,0,0,3,2,NA,NA,0,8.08670806884766,34.8199996948242,0,0,16.4313259124756,2,0,1,0,1,0,0,21.0072631835938,3.78609085083008,0,42,30,29,17,8
"95",155,"Chile",1997,95,0,0,0,0,3,2,NA,NA,0,8.55231761932373,0,0,0,16.4986381530762,0,0,1,0,1,0,0,21.0473690032959,2.56459712982178,0,42,25,25,10,9
"96",155,"Chile",1999,96,0,0,0,0,3,2,NA,NA,0,8.57126331329346,36.2299995422363,0,0,16.5261688232422,1,0,1,0,1,0,0,20.9775905609131,2.33319306373596,0,48,36,35,17,12
"97",155,"Chile",2001,97,0,0,0,0,3,2,NA,NA,0,8.5457010269165,36.2299995422363,0,0,16.5511646270752,0,0,1,0,0,0,0,20.9222640991211,3.11818909645081,0,34,24,24,10,6
"98",160,"Argentina",1991,98,0,0,0,0,3,2,NA,NA,0,8.37339782714844,38.4000015258789,0,0,17.3011245727539,0,0,1,0,0,0,0,21.0557022094727,5.45995903015137,0,32,13,13,0,0
"99",160,"Argentina",1993,99,1,1,0,0,3,2,13,2.63905739784241,3.36729574203491,8.82777404785156,30.8800010681152,0,0,17.3282508850098,0,0,1,0,1,0,0,21.1316261291504,5.39734029769897,0,42,30,29,17,8
"100",160,"Argentina",1994,100,0,0,0,0,3,2,NA,NA,0,8.84894275665283,30.8800010681152,0,0,17.3413429260254,0,1,1,0,1,0,0,21.1254386901855,5.38565254211426,0,40,28,28,17,10
"101",160,"Argentina",1995,101,0,0,0,0,3,2,NA,NA,0,8.91989421844482,57.8999977111816,0,0,17.3541584014893,2,0,1,0,1,0,0,21.0318965911865,5.35156393051147,0,39,25,25,15,7
"102",160,"Argentina",1997,102,0,0,0,0,3,2,NA,NA,0,8.95059013366699,47.3499984741211,0,0,17.3790283203125,0,0,1,0,0,0,0,20.9990329742432,5.62334632873535,0,42,25,25,10,9
"103",160,"Argentina",1999,103,0,0,NA,NA,3,2,NA,NA,0,9.02077388763428,6.96000003814697,0,0,17.4027633666992,2,0,1,0,0,0,0,20.946704864502,5.33318901062012,0,48,36,35,17,12
"104",160,"Argentina",2001,104,0,0,0,0,3,2,NA,NA,0,8.94840335845947,41.2999992370605,0,0,17.4245548248291,0,0,1,0,0,0,NA,20.9110317230225,5.98908424377441,0,34,24,24,10,6
"105",160,"Argentina",2003,105,1,1,0,0,3,2,1,0.6931471824646,1.60943794250488,7.90459537506104,30.2999992370605,0,0,17.4440383911133,2,0,1,0,0,0,0,20.9606437683105,5.82883501052856,0,35,24,22,15,12
"106",165,"Uruguay",1994,106,0,0,0,0,3,2,NA,NA,0,8.46000003814697,0,0,0,14.9714593887329,2,0,1,0,0,0,0,20.9949779510498,-9.21034049987793,0,40,28,28,17,10
"107",165,"Uruguay",1999,107,0,0,1,1,3,2,NA,NA,0,8.95600605010986,5.30000019073486,0,0,15.0014553070068,2,0,1,0,0,0,0,20.8867950439453,-9.21034049987793,0,48,36,35,17,12
"108",265,"East Germany",1990,108,0,0,NA,NA,3,2,NA,NA,0,NA,0,0,0,NA,0,1,0,0,NA,0,0,NA,NA,0,34,17,17,3,3
"109",290,"Poland",1990,109,0,0,0,0,3,1,NA,NA,0,7.68047666549683,0,0,0,17.4520835876465,1,1,1,0,0,0,0,NA,2.31613612174988,0,34,17,17,3,3
"110",290,"Poland",1991,110,0,0,1,1,3,1,NA,NA,0,7.43469190597534,0,0,0,17.4560070037842,0,1,1,1,0,0,0,21.8673286437988,2.48244833946228,0,32,13,13,0,0
"111",290,"Poland",1993,111,0,0,0,0,3,2,NA,NA,0,7.78563451766968,31.7900009155273,0,0,17.4626216888428,0,0,1,0,0,0,0,21.8674030303955,2.27732563018799,0,42,30,29,17,8
"112",290,"Poland",1995,112,0,0,0,0,3,2,NA,NA,0,7.94186544418335,29.7100009918213,0,0,17.4672756195068,1,0,1,0,0,0,0,22.0211963653564,2.38256669044495,0,39,25,25,15,7
"113",290,"Poland",1997,113,0,0,0,0,3,2,NA,NA,0,8.30810356140137,29.7100009918213,0,0,17.4693946838379,0,0,1,0,0,0,0,21.7084884643555,2.2874584197998,0,42,25,25,10,9
"114",290,"Poland",2000,114,0,0,0,0,3,2,NA,NA,0,8.37572574615479,52.7600021362305,0,0,17.4703235626221,1,0,1,0,1,0,0,21.8061256408691,2.21305823326111,0,45,35,33,11,5
"115",290,"Poland",2001,115,0,0,0,0,3,2,NA,NA,0,8.40157604217529,52.7600021362305,0,0,17.4649677276611,0,0,1,0,0,0,0,21.9855823516846,2.87830901145935,0,34,24,24,10,6
"116",310,"Hungary",1990,116,0,0,1,1,3,1,NA,NA,0,7.93118095397949,0,0,0,16.1651439666748,0,1,0,0,0,0,0,NA,4.34660530090332,0,34,17,17,3,3
"117",310,"Hungary",1994,117,0,0,1,1,3,2,1,0.6931471824646,2.7725887298584,8.24324798583984,41.2299995422363,0,0,16.1532230377197,0,0,1,0,0,0,0,21.0497665405273,4.26557970046997,0,40,28,28,17,10
"118",310,"Hungary",1998,118,0,0,1,1,3,2,NA,NA,0,8.4167013168335,34.6100006103516,0,0,16.1467304229736,0,0,1,0,0,0,0,21.0484676361084,3.99054050445557,0,39,22,22,6,6
"119",310,"Hungary",2002,119,0,0,1,1,3,2,NA,NA,0,8.55159950256348,54.2699966430664,0,0,16.1366786956787,0,0,1,0,1,0,0,21.3471279144287,4.20292520523071,0,46,34,33,13,6
"120",315,"Czechoslovakia",1990,120,0,0,1,1,3,0,NA,NA,0,NA,0,0,0,NA,0,1,0,0,0,0,0,NA,1.11640751361847,0,34,17,17,3,3
"121",315,"Czechoslovakia",1992,121,0,0,0,0,3,2,NA,NA,0,NA,13.6999998092651,0,0,NA,0,0,1,0,0,0,0,NA,1.59773743152618,0,52,29,29,12,6
"122",316,"Czech Republic",1996,122,0,0,0,0,3,2,NA,NA,0,8.62974166870117,38.9500007629395,0,0,16.150297164917,0,0,NA,0,1,0,NA,21.0078811645508,1.3854558467865,0,46,33,33,14,11
"123",316,"Czech Republic",1996,123,0,0,0,0,3,2,NA,NA,0,8.62974166870117,38.9500007629395,0,0,16.150297164917,0,0,1,0,1,0,0,21.0078811645508,1.3854558467865,0,46,33,33,14,11
"124",316,"Czech Republic",1998,124,0,0,1,1,3,2,NA,NA,0,8.66057872772217,44.7799987792969,0,0,16.1480560302734,0,0,1,0,0,1,0,20.9913902282715,1.39335930347443,0,39,22,22,6,6
"125",316,"Czech Republic",1998,125,0,0,0,0,3,2,NA,NA,0,8.66057872772217,44.7799987792969,0,0,16.1480560302734,0,0,1,0,1,0,0,20.9913902282715,1.39335930347443,0,39,22,22,6,6
"126",316,"Czech Republic",2000,126,0,0,0,0,3,2,NA,NA,0,8.70698261260986,47.7700004577637,0,0,16.1460857391357,0,0,1,0,0,0,0,21.207727432251,1.36369276046753,0,45,35,33,11,5
"127",316,"Czech Republic",2002,127,0,0,1,1,3,2,NA,NA,0,8.74652767181396,47.7700004577637,0,0,16.1414699554443,0,0,1,0,1,0,0,21.2455596923828,2.13042759895325,0,46,34,33,13,6
"128",316,"Czech Republic",2002,128,0,0,0,0,3,2,NA,NA,0,8.74652767181396,47.7700004577637,0,0,16.1414699554443,0,0,1,0,1,0,0,21.2455596923828,2.13042759895325,0,46,34,33,13,6
"129",317,"Slovakia",1994,129,0,0,1,1,3,2,NA,NA,0,8.01693725585938,0,0,0,15.4879808425903,0,0,NA,0,0,0,NA,20.9221076965332,1.74951910972595,0,40,28,28,17,10
"130",317,"Slovakia",1999,130,0,0,1,1,3,2,NA,NA,0,8.59996032714844,39.2399978637695,0,0,15.5001516342163,1,0,1,0,1,0,0,21.0363807678223,1.3786768913269,0,48,36,35,17,12
"131",317,"Slovakia",2002,131,0,0,1,1,3,2,NA,NA,0,8.63704299926758,36.0699996948242,0,0,15.4979887008667,0,0,1,0,0,0,0,21.0770378112793,1.92401432991028,0,46,34,33,13,6
"132",339,"Albania",1991,132,0,0,1,1,3,1,NA,NA,0,6.45973587036133,0,0,0,15.0062408447266,0,1,0,0,NA,0,0,20.8720226287842,4.35162782669067,0,32,13,13,0,0
"133",339,"Albania",1992,133,1,1,1,1,3,1,1,0.6931471824646,3.36729574203491,5.84664964675903,0,0,0,15.0069131851196,0,0,1,1,0,0,0,21.2076091766357,3.9475474357605,0,52,29,29,12,6
"134",339,"Albania",1996,134,0,0,1,1,2,1,0,0,2.99573230743408,6.64880657196045,25,0,0,14.9600839614868,0,0,1,0,1,0,0,21.0415306091309,3.17847347259521,1,46,33,33,14,11
"135",339,"Albania",1997,135,0,0,1,1,3,1,NA,NA,0,6.87530660629272,25,0,0,14.9509677886963,0,0,1,1,1,1,1,21.0885620117188,3.28374862670898,0,42,25,25,10,9
"136",339,"Albania",2001,136,1,1,1,1,2,1,22,3.13549423217773,3.21887588500977,7.09019136428833,28,0,0,14.9377927780151,0,0,1,0,1,0,0,21.2200145721436,3.10697889328003,1,34,24,24,10,6
"137",343,"Macedonia (FYROM)",1994,137,1,0,1,1,3,2,1,0.6931471824646,2.7725887298584,7.17900085449219,0,0,0,14.4804344177246,2,1,NA,1,1,0,NA,20.8622798919678,-9.21034049987793,0,40,28,28,17,10
"138",343,"Macedonia (FYROM)",1998,138,1,1,1,1,1,2,9,2.30258512496948,2.70805025100708,7.54097890853882,0,0,1,14.5001182556152,0,0,1,0,NA,0,NA,20.9717025756836,-9.21034049987793,0,39,22,22,6,6
"139",343,"Macedonia (FYROM)",1999,139,0,0,1,1,3,2,NA,NA,0,7.49127101898193,0,0,1,14.5048522949219,1,0,1,0,NA,0,0,20.981351852417,-9.21034049987793,1,48,36,35,17,12
"140",343,"Macedonia (FYROM)",2002,140,0,0,1,1,3,2,NA,NA,0,7.44119071960449,36.9000015258789,1,0,14.5166635513306,0,0,1,1,1,0,1,21.1547889709473,-9.21034049987793,0,46,34,33,13,6
"141",344,"Croatia",1992,141,0,0,1,1,3,1,NA,NA,0,8.3004846572876,0,0,0,15.3218078613281,2,1,NA,0,1,0,NA,NA,4.92189741134644,0,52,29,29,12,6
"142",344,"Croatia",1993,142,0,0,1,1,1,1,NA,NA,0,7.74051666259766,0,1,0,15.3128986358643,0,1,1,0,NA,0,0,20.8578147888184,4.71710681915283,0,42,30,29,17,8
"143",344,"Croatia",1995,143,0,0,1,1,3,1,NA,NA,0,8.05042839050293,40.3600006103516,1,0,15.3523778915405,0,0,1,0,1,1,NA,20.9857692718506,4.33503198623657,0,39,25,25,15,7
"144",344,"Croatia",1997,144,1,0,1,1,1,1,15,2.7725887298584,2.99573230743408,8.55524063110352,43.75,1,1,15.3182535171509,0,0,1,0,1,0,1,20.9892082214355,4.46238136291504,0,42,25,25,10,9
"145",344,"Croatia",1997,145,0,0,1,1,3,1,NA,NA,0,8.55524063110352,43.75,1,1,15.3182535171509,1,0,1,0,NA,0,1,20.9892082214355,4.46238136291504,0,42,25,25,10,9
"146",344,"Croatia",2000,146,0,0,1,1,3,1,NA,NA,0,8.53061485290527,43.75,1,0,15.3315162658691,0,0,1,0,NA,0,0,20.918872833252,4.12313652038574,0,45,35,33,11,5
"147",344,"Croatia",2000,147,0,0,1,1,3,1,NA,NA,0,8.53061485290527,43.75,1,0,15.3315162658691,1,0,1,0,NA,0,0,20.918872833252,4.12313652038574,0,45,35,33,11,5
"148",344,"Croatia",2003,148,0,0,1,1,3,2,NA,NA,0,8.6951847076416,45.1500015258789,1,0,15.3061647415161,0,0,1,0,1,0,0,21.0216274261475,4.46789789199829,0,35,24,22,15,12
"149",345,"Serbia (Yugoslavia)",1992,149,0,0,1,1,3,1,NA,NA,0,NA,0,0,0,NA,0,1,NA,0,1,0,NA,NA,3.98199558258057,1,52,29,29,12,6
"150",345,"Serbia (Yugoslavia)",1992,150,0,0,1,1,1,1,NA,NA,0,NA,0,0,0,NA,0,0,1,0,NA,0,1,NA,3.98199558258057,1,52,29,29,12,6
"151",345,"Serbia (Yugoslavia)",1996,151,0,0,1,1,1,0,NA,NA,0,NA,28.7700004577637,0,0,15.8617811203003,0,0,1,0,NA,0,1,20.957103729248,NA,0,46,33,33,14,11
"152",345,"Serbia (Yugoslavia)",2000,152,0,0,1,1,3,0,NA,NA,0,7.75723552703857,28.7700004577637,0,1,15.8357858657837,2,0,1,0,1,0,0,21.5607204437256,NA,1,45,35,33,11,5
"153",345,"Serbia (Yugoslavia)",2002,153,0,0,1,1,2,2,NA,NA,0,7.32517147064209,35.1800003051758,0,1,15.8308715820312,1,0,1,0,1,0,0,21.9179668426514,NA,0,46,34,33,13,6
"154",345,"Serbia (Yugoslavia)",2003,154,0,0,1,1,3,2,NA,NA,0,7.6077127456665,0,0,0,15.8304176330566,1,0,1,1,1,0,0,22.1277332305908,NA,0,35,24,22,15,12
"155",345,"Serbia (Yugoslavia)",2003,155,0,0,1,1,3,2,NA,NA,0,7.6077127456665,0,0,0,15.8304176330566,0,0,1,0,0,1,0,22.1277332305908,NA,0,35,24,22,15,12
"156",346,"Bosnia-Herzegovina",1996,156,0,0,1,1,3,2,NA,NA,0,6.32825708389282,0,0,0,15.0191125869751,2,1,NA,1,NA,0,NA,21.5801410675049,-9.21034049987793,1,46,33,33,14,11
"157",346,"Bosnia-Herzegovina",1998,157,0,0,1,1,3,2,NA,NA,0,6.99483060836792,0,0,1,15.0291213989258,2,0,1,1,1,0,1,21.5935134887695,-9.21034049987793,0,39,22,22,6,6
"158",346,"Bosnia-Herzegovina",2000,158,0,0,1,1,3,2,NA,NA,0,7.17094373703003,0,0,1,15.0968437194824,0,0,1,0,NA,0,0,21.8283100128174,-9.21034049987793,1,45,35,33,11,5
"159",346,"Bosnia-Herzegovina",2002,159,0,0,1,1,3,2,NA,NA,0,7.33545827865601,0,0,1,15.1368312835693,2,0,1,1,NA,0,0,21.4961719512939,-9.21034049987793,0,46,34,33,13,6
"160",349,"Slovenia",1992,160,0,0,1,1,3,2,NA,NA,0,8.7544059753418,0,0,0,14.5083723068237,2,1,NA,0,0,0,NA,NA,1.86941421031952,0,52,29,29,12,6
"161",349,"Slovenia",1996,161,0,0,0,0,3,2,NA,NA,0,9.26138782501221,22.2299995422363,0,0,14.5035810470581,0,0,1,0,NA,0,0,20.9141750335693,1.64594864845276,0,46,33,33,14,11
"162",349,"Slovenia",1997,162,0,0,0,0,3,2,NA,NA,0,9.27194595336914,22.2299995422363,0,0,14.5029554367065,1,0,1,0,NA,0,0,20.9443836212158,1.77165246009827,0,42,25,25,10,9
"163",349,"Slovenia",2000,163,0,0,0,0,3,2,NA,NA,0,9.3281421661377,38,0,0,14.5001440048218,0,0,1,0,NA,0,0,20.8990325927734,1.50892400741577,0,45,35,33,11,5
"164",349,"Slovenia",2002,164,0,0,0,0,3,2,NA,NA,0,9.23895835876465,37.5400009155273,0,0,14.5046796798706,1,0,1,0,NA,0,0,21.0322570800781,-2.80314660072327,0,46,34,33,13,6
"165",352,"Cyprus",1991,165,0,0,0,0,3,2,NA,NA,0,9.1738395690918,0,0,1,13.5498027801514,0,0,1,0,1,0,0,20.9074516296387,-9.21034049987793,0,32,13,13,0,0
"166",352,"Cyprus",1993,166,0,0,1,1,3,2,NA,NA,0,9.3334493637085,0,0,1,13.5932502746582,1,0,1,0,0,0,0,20.8900337219238,-9.21034049987793,0,42,30,29,17,8
"167",352,"Cyprus",1996,167,0,0,0,0,3,2,NA,NA,0,9.56184577941895,41.5,0,1,13.6593523025513,0,0,1,0,NA,0,0,20.8820877075195,-9.21034049987793,0,46,33,33,14,11
"168",352,"Cyprus",1998,168,0,0,0,0,3,2,NA,NA,0,9.4937686920166,44.8499984741211,0,1,13.6998281478882,1,0,1,0,0,0,0,20.9106254577637,-9.21034049987793,0,39,22,22,6,6
"169",352,"Cyprus",2001,169,0,0,0,0,3,2,NA,NA,0,9.50462436676025,44.8499984741211,0,1,13.7571334838867,0,0,1,0,0,0,0,20.9351615905762,-9.21034049987793,0,34,24,24,10,6
"170",352,"Cyprus",2003,170,0,0,0,0,3,2,NA,NA,0,9.60659313201904,59.0999984741211,0,1,13.7951793670654,1,0,1,0,0,0,0,20.9059543609619,-9.21034049987793,0,35,24,22,15,12
"171",355,"Bulgaria",1990,171,0,0,1,1,3,0,NA,NA,0,7.80376195907593,0,0,0,15.9989709854126,0,1,0,1,1,0,0,NA,0.459203511476517,0,34,17,17,3,3
"172",355,"Bulgaria",1991,172,0,0,1,1,3,2,NA,NA,0,7.77373552322388,0,0,0,15.9809331893921,0,1,1,1,0,0,0,20.8762874603271,0.539502322673798,0,32,13,13,0,0
"173",355,"Bulgaria",1992,173,0,0,1,1,2,2,NA,NA,0,7.14498662948608,0,0,0,15.9710292816162,1,0,1,0,1,0,0,21.2165832519531,0.305469870567322,0,52,29,29,12,6
"174",355,"Bulgaria",1994,174,0,0,1,1,3,2,NA,NA,0,7.15345621109009,33.1399993896484,0,0,15.9523143768311,0,0,1,0,0,0,0,20.9952373504639,0.380698531866074,0,40,28,28,17,10
"175",355,"Bulgaria",1996,175,0,0,1,1,3,2,NA,NA,0,7.34905195236206,40.9099998474121,0,0,15.9444646835327,1,0,1,1,0,0,0,20.9740715026855,0.149836003780365,0,46,33,33,14,11
"176",355,"Bulgaria",1997,176,0,0,1,1,3,2,NA,NA,0,6.96892166137695,40.9099998474121,0,0,15.9393072128296,0,0,1,0,0,1,0,21.0412979125977,0.030331814661622,0,42,25,25,10,9
"177",355,"Bulgaria",2001,177,0,0,1,1,3,2,NA,NA,0,7.36476755142212,40.0900001525879,0,0,15.9160003662109,0,0,1,0,0,0,0,21.1931953430176,0.414909511804581,0,34,24,24,10,6
"178",355,"Bulgaria",2001,178,0,0,1,1,3,2,NA,NA,0,7.36476755142212,40.0900001525879,0,0,15.9160003662109,1,0,1,0,1,0,0,21.1931953430176,0.414909511804581,0,34,24,24,10,6
"179",359,"Moldova",1991,179,0,0,0,0,3,2,NA,NA,0,6.87945175170898,0,0,0,15.1227617263794,1,1,NA,0,1,0,NA,NA,-9.21034049987793,NA,32,13,13,0,0
"180",359,"Moldova",1994,180,1,0,1,1,3,2,1,0.6931471824646,2.7725887298584,6.46172666549683,0,1,0,15.1251935958862,0,0,0,0,NA,0,0,20.8934555053711,-9.21034049987793,0,40,28,28,17,10
"181",359,"Moldova",1996,181,0,0,1,1,3,2,1,0.6931471824646,2.99573230743408,6.1675009727478,38.7400016784668,1,0,15.1170902252197,1,0,1,0,1,0,0,20.9307346343994,-9.21034049987793,0,46,33,33,14,11
"182",359,"Moldova",1998,182,0,0,1,1,3,2,NA,NA,0,6.26794338226318,38.7400016784668,1,0,15.1128797531128,0,0,1,0,0,0,0,20.9346370697021,-9.21034049987793,0,39,22,22,6,6
"183",359,"Moldova",2001,183,0,0,1,1,3,2,NA,NA,0,5.86930179595947,28,1,0,15.1073808670044,0,0,1,0,0,0,0,21.0026988983154,-9.21034049987793,0,34,24,24,10,6
"184",360,"Romania",1990,184,1,1,1,1,3,1,NA,NA,1.0986123085022,7.4897723197937,0,1,0,16.9580001831055,2,1,0,1,1,0,0,NA,5.2176947593689,0,34,17,17,3,3
"185",360,"Romania",1992,185,1,0,1,1,3,1,0,0,3.36729574203491,7.13421201705933,33.689998626709,1,0,16.9510555267334,2,0,1,0,1,0,NA,21.2092342376709,5.17551708221436,0,52,29,29,12,6
"186",360,"Romania",1996,186,0,0,1,1,1,1,2,1.0986123085022,2.99573230743408,7.35496950149536,37.6399993896484,1,0,16.9371814727783,2,0,1,0,0,0,0,21.1430149078369,4.63493061065674,0,46,33,33,14,11
"187",360,"Romania",2000,187,0,0,1,1,3,2,6,1.94591009616852,2.83321332931519,7.36761379241943,21.5200004577637,0,0,16.9277820587158,2,0,1,0,0,0,0,21.2615642547607,4.38124990463257,0,45,35,33,11,5
"188",365,"Russia",1990,188,0,0,1,1,3,1,NA,NA,0,8.13995456695557,0,0,0,18.8108367919922,0,1,0,0,1,0,0,NA,6.92064237594604,0,34,17,17,3,3
"189",365,"Russia",1991,189,0,0,1,1,3,1,NA,NA,0,8.1562557220459,0,1,0,18.8146934509277,1,1,0,0,0,0,0,21.1279029846191,7.10690689086914,0,32,13,13,0,0
"190",365,"Russia",1993,190,1,0,1,1,3,1,2,1.0986123085022,2.94443893432617,8.03757095336914,0,1,0,18.8173675537109,0,0,1,1,NA,1,0,22.026985168457,6.73210954666138,0,42,30,29,17,8
"191",365,"Russia",1995,191,0,0,NA,NA,3,1,NA,NA,0,7.88738012313843,43.0400009155273,1,0,18.8149909973145,0,0,1,1,NA,0,0,21.9875392913818,6.40228509902954,0,39,25,25,15,7
"192",365,"Russia",1996,192,0,0,1,1,3,1,NA,NA,0,7.88981342315674,35.1399993896484,1,0,18.8136749267578,1,0,1,0,1,0,0,21.9622592926025,6.46058320999146,0,46,33,33,14,11
"193",365,"Russia",1999,193,0,0,1,1,3,1,NA,NA,0,7.5199556350708,37.9799995422363,1,0,18.8052558898926,0,0,1,0,0,0,0,21.7537631988525,6.16548109054565,0,48,36,35,17,12
"194",365,"Russia",2000,194,0,0,1,1,3,1,NA,NA,0,7.19966840744019,37.9799995422363,1,0,18.8012313842773,1,0,1,0,1,1,0,22.0410213470459,6.28331613540649,0,45,35,33,11,5
"195",365,"Russia",2003,195,0,0,1,1,1,2,NA,NA,0,7.7728214263916,38.7900009155273,1,0,18.7943096160889,0,0,1,0,1,0,0,21.7720260620117,6.87248134613037,0,35,24,22,15,12
"196",366,"Estonia",1990,196,0,0,1,1,3,2,NA,NA,0,NA,0,0,0,14.2653951644897,0,1,NA,0,0,0,NA,NA,-9.21034049987793,NA,34,17,17,3,3
"197",366,"Estonia",1992,197,0,0,1,1,3,2,NA,NA,0,NA,0,0,0,14.2610387802124,0,1,1,0,NA,0,0,20.8750762939453,-9.21034049987793,NA,52,29,29,12,6
"198",366,"Estonia",1995,198,0,0,1,1,3,2,NA,NA,0,NA,44.2999992370605,0,0,14.1956672668457,0,0,1,0,0,0,0,20.9127788543701,-9.21034049987793,0,39,25,25,15,7
"199",366,"Estonia",1999,199,0,0,1,1,3,2,NA,NA,0,8.30290126800537,55.2999992370605,0,0,14.1420450210571,0,0,1,0,0,0,0,20.9689292907715,-9.21034049987793,0,48,36,35,17,12
"200",366,"Estonia",2003,200,0,0,NA,NA,3,2,NA,NA,0,8.59163093566895,52.2799987792969,0,0,14.121997833252,0,0,1,0,NA,0,0,20.9341907501221,-9.21034049987793,0,35,24,22,15,12
"201",367,"Latvia",1993,201,0,0,1,1,3,2,1,0.6931471824646,2.94443893432617,7.52532243728638,0,0,0,14.7765216827393,0,1,NA,0,0,0,NA,20.9519939422607,-9.21034049987793,0,42,30,29,17,8
"202",367,"Latvia",1995,202,0,0,1,1,3,2,NA,NA,0,7.60473728179932,46.2400016784668,0,0,14.7400636672974,0,0,1,0,NA,1,0,20.9228706359863,-9.21034049987793,0,39,25,25,15,7
"203",367,"Latvia",1998,203,0,0,1,1,2,2,NA,NA,0,7.83241367340088,26.3999996185303,0,0,14.7045745849609,0,0,1,0,0,1,0,20.9541320800781,-9.21034049987793,0,39,22,22,6,6
"204",367,"Latvia",2002,204,0,0,1,1,3,2,NA,NA,0,8.16903591156006,52.2900009155273,0,0,14.6720561981201,0,0,1,0,0,0,0,21.0058555603027,-9.21034049987793,0,46,34,33,13,6
"205",368,"Lithuania",1992,205,0,0,1,1,3,2,NA,NA,0,7.92918920516968,0,0,0,15.1249599456787,0,0,NA,0,0,0,NA,20.8632545471191,-9.21034049987793,0,52,29,29,12,6
"206",368,"Lithuania",1993,206,0,0,1,1,3,2,NA,NA,0,7.74676179885864,0,0,0,15.1238746643066,1,0,1,0,1,0,0,20.9637928009033,1.08469259738922,0,42,30,29,17,8
"207",368,"Lithuania",1996,207,0,0,1,1,3,2,NA,NA,0,7.68625211715698,0,0,0,15.1044960021973,0,0,1,0,0,0,0,21.0344352722168,1.59723591804504,0,46,33,33,14,11
"208",368,"Lithuania",1997,208,0,0,0,0,3,2,NA,NA,0,7.75776672363281,0,0,0,15.0968923568726,1,0,1,0,1,0,0,20.9554882049561,1.95645141601562,0,42,25,25,10,9
"209",368,"Lithuania",2000,209,0,0,0,0,3,2,NA,NA,0,8.04338073730469,0,0,0,15.075174331665,0,0,1,0,0,0,0,21.0190353393555,2.18939280509949,0,45,35,33,11,5
"210",368,"Lithuania",2002,210,0,0,0,0,3,2,NA,NA,0,8.15843963623047,56.0599975585938,0,0,15.0629138946533,1,0,1,0,1,0,0,21.0485248565674,3.16753935813904,0,46,34,33,13,6
"211",369,"Ukraine",1991,211,0,0,1,1,3,2,NA,NA,0,7.35865879058838,0,0,0,17.7646751403809,1,1,NA,0,NA,0,NA,21.1599712371826,3.99396157264709,NA,32,13,13,0,0
"212",369,"Ukraine",1994,212,1,0,1,1,3,1,2,1.0986123085022,2.7725887298584,7.13738679885864,0,0,0,17.7701950073242,0,1,1,0,0,0,NA,21.1850662231445,3.84678387641907,0,40,28,28,17,10
"213",369,"Ukraine",1994,213,1,0,1,1,3,1,0,0,2.7725887298584,7.13738679885864,0,0,0,17.7701950073242,1,0,1,0,1,0,1,21.1850662231445,3.84678387641907,0,40,28,28,17,10
"214",369,"Ukraine",1998,214,0,0,1,1,3,2,NA,NA,0,6.89894676208496,0,0,0,17.7393455505371,0,0,1,0,1,0,0,21.1375389099121,3.84794521331787,0,39,22,22,6,6
"215",369,"Ukraine",1999,215,0,0,1,1,1,2,1,0.6931471824646,3.21887588500977,6.72774362564087,0,0,0,17.7304077148438,1,0,1,0,1,0,1,21.3102626800537,3.62848114967346,1,48,36,35,17,12
"216",369,"Ukraine",2002,216,0,0,1,1,3,2,4,1.60943794250488,2.89037179946899,6.66023969650269,42.0900001525879,0,0,17.7008590698242,0,0,1,1,1,0,1,21.3562126159668,4.17443227767944,0,46,34,33,13,6
"217",370,"Belarus",1994,217,0,0,1,1,3,2,1,0.6931471824646,2.7725887298584,7.37151145935059,0,0,0,16.1417140960693,1,1,NA,0,0,0,NA,21.0563888549805,3.44453382492065,0,40,28,28,17,10
"218",370,"Belarus",1995,218,0,0,1,1,3,2,NA,NA,0,7.28620386123657,0,0,0,16.1405410766602,0,1,1,0,0,0,0,20.9850063323975,3.349196434021,0,39,25,25,15,7
"219",370,"Belarus",1995,219,0,0,1,1,3,2,NA,NA,0,7.28620386123657,0,0,0,16.1405410766602,0,0,1,0,0,0,0,20.9850063323975,3.349196434021,0,39,25,25,15,7
"220",370,"Belarus",2000,220,0,0,1,1,3,0,2,1.0986123085022,2.83321332931519,7.09805727005005,0,0,0,16.1215896606445,0,0,1,0,1,0,0,20.905403137207,3.29162430763245,1,45,35,33,11,5
"221",370,"Belarus",2001,221,0,0,1,1,2,0,NA,NA,0,7.149169921875,0,0,0,16.118595123291,1,0,1,0,1,0,1,20.9026832580566,3.74349808692932,1,34,24,24,10,6
"222",371,"Armenia",1991,222,0,0,NA,NA,3,2,NA,NA,0,6.45626831054688,0,0,0,15.0809631347656,1,1,NA,0,NA,0,NA,NA,-9.21034049987793,0,32,13,13,0,0
"223",371,"Armenia",1995,223,1,0,1,1,3,2,6,1.94591009616852,2.7725887298584,5.99066114425659,0,0,0,15.0065622329712,0,1,1,1,NA,0,NA,21.0715255737305,-9.21034049987793,1,39,25,25,15,7
"224",371,"Armenia",1996,224,0,0,1,1,1,1,2,1.0986123085022,2.99573230743408,6.12150621414185,0,0,0,14.9858770370483,1,0,1,0,0,0,1,21.0789108276367,-9.21034049987793,1,46,33,33,14,11
"225",371,"Armenia",1998,225,1,1,1,1,1,0,1,0.6931471824646,2.70805025100708,6.25956535339355,45.8699989318848,0,0,14.9580869674683,1,1,1,0,0,1,1,21.0434131622314,-9.21034049987793,1,39,22,22,6,6
"226",371,"Armenia",1999,226,1,1,1,1,3,1,2,1.0986123085022,3.21887588500977,6.41196823120117,45.8699989318848,0,0,14.9498443603516,0,0,1,1,0,0,1,21.0740642547607,-9.21034049987793,1,48,36,35,17,12
"227",371,"Armenia",2003,227,1,1,1,1,1,1,6,1.94591009616852,2.94443893432617,6.65455102920532,30.3600006103516,0,0,14.9342737197876,1,0,1,0,1,0,0,21.1687774658203,-9.21034049987793,1,35,24,22,15,12
"228",371,"Armenia",2003,228,1,1,1,1,1,1,9,2.30258512496948,2.94443893432617,6.65455102920532,30.3600006103516,0,0,14.9342737197876,0,0,1,0,0,0,0,21.1687774658203,-9.21034049987793,1,35,24,22,15,12
"229",372,"Georgia",1992,229,0,0,1,1,3,1,NA,NA,0,7.17814302444458,0,1,0,15.3915777206421,2,1,NA,1,1,0,NA,20.8580856323242,1.80967688560486,NA,52,29,29,12,6
"230",372,"Georgia",1995,230,0,0,1,1,1,1,NA,NA,0,6.24821138381958,0,1,1,15.3968782424927,2,0,0,1,1,0,0,21.0604019165039,0.65885066986084,0,39,25,25,15,7
"231",372,"Georgia",1999,231,0,0,1,1,3,1,NA,NA,0,6.69118118286133,0,1,1,15.31676197052,0,0,1,0,1,0,0,21.0889015197754,0.898755669593811,1,48,36,35,17,12
"232",372,"Georgia",2000,232,0,0,1,1,3,1,NA,NA,0,6.44391775131226,0,1,1,15.3089761734009,1,0,1,0,1,0,0,21.1206722259521,1.11208391189575,1,45,35,33,11,5
"233",372,"Georgia",2003,233,1,1,1,1,2,1,12,2.56494927406311,2.94443893432617,6.65850448608398,40.1500015258789,0,1,15.2872943878174,0,0,1,0,1,1,1,21.1781425476074,1.14533185958862,1,35,24,22,15,12
"234",373,"Azerbaijan",1991,234,0,0,0,0,3,2,NA,NA,0,7.12070655822754,0,0,0,15.783881187439,1,1,NA,0,1,1,NA,NA,6.27821969985962,NA,32,13,13,0,0
"235",373,"Azerbaijan",1992,235,0,0,0,0,3,1,1,0.6931471824646,3.36729574203491,7.09774541854858,0,1,0,15.7994041442871,1,1,0,0,1,0,0,20.8582592010498,6.05357885360718,0,52,29,29,12,6
"236",373,"Azerbaijan",1993,236,0,0,1,1,3,1,NA,NA,0,6.51641702651978,0,1,0,15.8145551681519,1,1,1,0,1,0,0,20.8675918579102,5.8716139793396,0,42,30,29,17,8
"237",373,"Azerbaijan",1995,237,1,0,1,1,3,1,5,1.7917594909668,2.7725887298584,6.07807922363281,0,1,0,15.8432636260986,0,1,1,0,NA,0,1,21.0336647033691,5.49343967437744,1,39,25,25,15,7
"238",373,"Azerbaijan",1998,238,0,0,1,1,2,0,3,1.3862943649292,2.70805025100708,6.22566795349121,0,1,0,15.8745260238647,1,0,1,1,1,0,1,21.0628833770752,5.47800207138062,1,39,22,22,6,6
"239",373,"Azerbaijan",2000,239,0,0,1,1,3,0,3,1.3862943649292,2.83321332931519,6.35243797302246,0,1,0,15.8927936553955,0,0,1,1,1,0,1,21.0474491119385,5.5775294303894,1,45,35,33,11,5
"240",373,"Azerbaijan",2003,240,0,0,1,1,3,0,NA,NA,0,6.63739061355591,23.3899993896484,1,0,15.9162178039551,1,0,1,0,NA,0,1,21.2099723815918,6.01337003707886,1,35,24,22,15,12
"241",404,"Guinea-Bissau",1994,241,1,1,1,1,3,0,19,2.99573230743408,3.36729574203491,5.38988637924194,0,0,0,13.8931818008423,2,1,NA,0,0,0,NA,20.9732685089111,-9.21034049987793,0,40,28,28,17,10
"242",404,"Guinea-Bissau",1999,242,1,1,1,1,3,1,8,2.19722461700439,3.21887588500977,5.15313386917114,44.8000030517578,1,0,13.9924716949463,2,1,1,0,0,0,0,20.9714603424072,-9.21034049987793,0,48,36,35,17,12
"243",411,"Equatorial Guinea",1993,243,0,0,1,1,3,0,4,1.60943794250488,2.94443893432617,5.95482397079468,0,0,0,12.8988275527954,0,1,0,0,1,0,0,20.9316692352295,-9.21034049987793,1,42,30,29,17,8
"244",411,"Equatorial Guinea",1996,244,0,0,1,1,3,1,1,0.6931471824646,2.99573230743408,5.91500186920166,0,0,0,13.0002565383911,1,1,1,0,1,0,1,20.8969173431396,4.8253755569458,1,46,33,33,14,11
"245",411,"Equatorial Guinea",1999,245,0,0,1,1,1,1,2,1.0986123085022,3.21887588500977,6.83941411972046,0,0,0,13.0981502532959,0,0,1,0,1,0,1,20.8880939483643,6.87722158432007,1,48,36,35,17,12
"246",411,"Equatorial Guinea",2002,246,0,0,1,1,3,1,NA,NA,0,8.08080005645752,11.710000038147,0,0,13.1941165924072,1,0,1,0,1,0,1,20.8791484832764,8.2434139251709,1,46,34,33,13,6
"247",420,"Gambia",1992,247,0,0,0,0,3,2,NA,NA,0,6.53589105606079,27.6000003814697,0,0,13.81676197052,2,0,1,0,1,0,0,20.9808330535889,-9.21034049987793,0,52,29,29,12,6
"248",420,"Gambia",1996,248,1,1,0,0,3,0,17,2.89037179946899,2.7725887298584,6.54812240600586,0,0,0,13.934344291687,1,1,1,0,1,1,0,20.9068031311035,-9.21034049987793,0,46,33,33,14,11
"249",420,"Gambia",1997,249,1,1,0,0,3,0,21,3.09104251861572,2.7725887298584,6.59620237350464,0,0,0,13.9624710083008,0,0,1,0,1,0,0,20.8980922698975,-9.21034049987793,0,42,25,25,10,9
"250",420,"Gambia",2001,250,1,0,1,1,3,1,7,2.0794415473938,2.89037179946899,6.40290403366089,36.5699996948242,0,0,14.075629234314,1,0,1,0,0,0,0,20.9200000762939,-9.21034049987793,0,34,24,24,10,6
"251",420,"Gambia",2002,251,1,0,1,1,3,1,10,2.39789533615112,2.89037179946899,6.24349594116211,36.5699996948242,0,0,14.1049461364746,0,0,1,0,1,0,0,20.9257907867432,-9.21034049987793,0,46,34,33,13,6
"252",432,"Mali",1992,252,0,0,0,0,3,1,NA,NA,0,5.61099863052368,0,1,0,15.9972114562988,0,1,0,0,NA,0,0,21.3281345367432,-9.21034049987793,0,52,29,29,12,6
"253",432,"Mali",1992,253,1,1,1,1,3,1,7,2.0794415473938,1.0986123085022,5.61099863052368,0,1,0,15.9972114562988,1,1,1,0,1,0,0,21.3281345367432,-9.21034049987793,0,52,29,29,12,6
"254",432,"Mali",1997,254,1,1,1,1,3,2,3,1.3862943649292,2.56494927406311,5.55876779556274,0,1,0,16.1273288726807,0,0,1,0,1,0,0,21.2995758056641,-9.21034049987793,0,42,25,25,10,9
"255",432,"Mali",1997,255,1,1,0,0,1,2,4,1.60943794250488,2.56494927406311,5.55876779556274,0,1,0,16.1273288726807,1,0,1,0,1,0,0,21.2995758056641,-9.21034049987793,0,42,25,25,10,9
"256",432,"Mali",1997,256,1,1,0,0,1,2,6,1.94591009616852,2.56494927406311,5.55876779556274,0,1,0,16.1273288726807,0,0,1,0,1,0,0,21.2995758056641,-9.21034049987793,0,42,25,25,10,9
"257",432,"Mali",2002,257,1,1,1,1,1,2,1,0.6931471824646,2.94443893432617,5.42020797729492,0,1,0,16.2699413299561,1,0,1,0,0,0,NA,21.2592449188232,-9.21034049987793,0,46,34,33,13,6
"258",432,"Mali",2002,258,0,0,0,0,2,2,NA,NA,0,5.42020797729492,0,1,0,16.2699413299561,0,0,1,0,NA,0,0,21.2592449188232,-9.21034049987793,0,46,34,33,13,6
"259",433,"Senegal",1993,259,1,0,1,1,3,1,0,0,2.94443893432617,6.66081571578979,24.7399997711182,1,0,15.8550233840942,1,0,1,0,1,0,0,21.4512481689453,-4.5024561882019,1,42,30,29,17,8
"260",433,"Senegal",1993,260,1,0,0,0,3,1,3,1.3862943649292,2.94443893432617,6.66081571578979,24.7399997711182,1,0,15.8550233840942,0,0,1,0,1,0,0,21.4512481689453,-4.5024561882019,1,42,30,29,17,8
"261",433,"Senegal",1998,261,0,0,0,0,3,1,NA,NA,0,6.2732572555542,43.439998626709,1,0,15.9917039871216,0,0,1,0,1,0,0,21.2818813323975,6.18470048904419,0,39,22,22,6,6
"262",433,"Senegal",2000,262,0,0,1,1,1,1,2,1.0986123085022,3.21887588500977,6.31933641433716,36.5900001525879,1,0,16.04176902771,1,0,1,0,0,0,0,21.3822765350342,5.99409532546997,0,45,35,33,11,5
"263",433,"Senegal",2001,263,0,0,1,1,2,2,1,0.6931471824646,2.89037179946899,6.19906044006348,36.5900001525879,1,0,16.067419052124,0,0,1,0,0,0,0,21.3222503662109,6.54205179214478,0,34,24,24,10,6
"264",434,"Benin",1991,264,0,0,1,1,3,1,NA,NA,0,5.95725345611572,0,0,0,15.378514289856,0,1,0,0,0,0,0,21.1644268035889,2.54278993606567,0,32,13,13,0,0
"265",434,"Benin",1991,265,0,0,1,1,3,1,NA,NA,0,5.95725345611572,0,0,0,15.378514289856,1,1,1,0,0,0,0,21.1644268035889,2.54278993606567,0,32,13,13,0,0
"266",434,"Benin",1995,266,1,0,1,1,3,2,0,0,2.7725887298584,5.61124849319458,0,0,0,15.5153770446777,0,0,1,0,0,0,0,21.1269760131836,1.05665636062622,0,39,25,25,15,7
"267",434,"Benin",1996,267,0,0,1,1,2,2,1,0.6931471824646,2.99573230743408,5.87364768981934,0,0,0,15.5473680496216,1,0,1,0,NA,0,0,21.1241874694824,0.763122260570526,0,46,33,33,14,11
"268",434,"Benin",1999,268,0,0,1,1,3,2,NA,NA,0,5.93836307525635,0,0,0,15.6327276229858,0,0,1,0,0,0,NA,21.0842914581299,-0.286944448947906,0,48,36,35,17,12
"269",434,"Benin",2001,269,0,0,1,1,3,2,NA,NA,0,5.84629535675049,22.6900005340576,0,0,15.6900491714478,1,0,1,0,0,0,0,21.1510334014893,0.0714779943227768,0,34,24,24,10,6
"270",434,"Benin",2003,270,1,1,0,0,3,2,7,2.0794415473938,2.94443893432617,6.00298738479614,22.6900005340576,0,0,15.7525215148926,0,0,1,0,0,0,0,21.1149978637695,-9.21034049987793,0,35,24,22,15,12
"271",435,"Mauritania",1992,271,0,0,1,1,3,0,NA,NA,0,6.55689477920532,0,0,0,14.5335731506348,1,1,1,0,1,0,0,21.1095886230469,-9.21034049987793,1,52,29,29,12,6
"272",435,"Mauritania",1992,272,0,0,NA,NA,3,0,NA,NA,0,6.55689477920532,0,0,0,14.5335731506348,0,1,0,0,1,0,0,21.1095886230469,-9.21034049987793,1,52,29,29,12,6
"273",435,"Mauritania",1996,273,0,0,1,1,3,0,NA,NA,0,6.42564678192139,0,0,0,14.6449584960938,0,0,1,0,1,0,1,21.0747737884521,-9.21034049987793,1,46,33,33,14,11
"274",435,"Mauritania",1997,274,0,0,0,0,2,0,NA,NA,0,6.41652393341064,0,0,0,14.6731882095337,1,0,1,0,1,0,0,21.1238117218018,-9.21034049987793,1,42,25,25,10,9
"275",435,"Mauritania",2001,275,1,0,1,1,3,0,6,1.94591009616852,2.89037179946899,6.19340848922729,0,0,0,14.7873277664185,0,0,1,0,1,0,0,21.1210613250732,-9.21034049987793,0,34,24,24,10,6
"276",435,"Mauritania",2003,276,0,0,0,0,3,0,NA,NA,0,6.15899515151978,0,0,0,14.8452491760254,1,0,1,0,1,0,0,21.2554340362549,-9.21034049987793,1,35,24,22,15,12
"277",436,"Niger",1993,277,1,0,1,1,3,2,8,2.19722461700439,3.36729574203491,5.643798828125,0,1,0,15.9317502975464,0,1,1,0,NA,0,NA,21.223258972168,-9.21034049987793,NA,42,30,29,17,8
"278",436,"Niger",1993,278,1,0,NA,NA,3,2,8,2.19722461700439,3.36729574203491,5.643798828125,0,1,0,15.9317502975464,1,1,0,0,NA,0,0,21.223258972168,-9.21034049987793,0,42,30,29,17,8
"279",436,"Niger",1995,279,1,1,1,1,3,2,1,0.6931471824646,2.7725887298584,5.17164468765259,0,1,0,15.9983692169189,0,0,1,0,NA,0,0,21.230432510376,-9.21034049987793,0,39,25,25,15,7
"280",436,"Niger",1996,280,1,1,1,1,3,2,4,1.60943794250488,2.99573230743408,5.32257890701294,0,1,0,16.0323829650879,1,1,1,0,1,0,NA,21.1239395141602,-9.21034049987793,1,46,33,33,14,11
"281",436,"Niger",1996,281,0,0,1,1,3,2,NA,NA,0,5.32257890701294,0,1,0,16.0323829650879,0,1,1,0,1,0,1,21.1239395141602,-9.21034049987793,1,46,33,33,14,11
"282",436,"Niger",1999,282,1,0,1,1,3,0,4,1.60943794250488,3.21887588500977,5.31756067276001,49.5400009155273,1,0,16.1365070343018,1,1,1,0,NA,0,0,21.1713428497314,-9.21034049987793,0,48,36,35,17,12
"283",436,"Niger",1999,283,1,0,1,1,3,0,5,1.7917594909668,3.21887588500977,5.31756067276001,49.5400009155273,1,0,16.1365070343018,0,1,1,0,NA,0,0,21.1713428497314,-9.21034049987793,1,48,36,35,17,12
"284",437,"Cote d’Ivoire",1990,284,0,0,0,0,3,0,NA,NA,0,6.69251585006714,0,0,0,16.3087768554688,1,1,1,0,1,0,0,21.3465003967285,1.04235279560089,0,34,17,17,3,3
"285",437,"Cote d’Ivoire",1990,285,0,0,0,0,1,0,NA,NA,0,6.69251585006714,0,0,0,16.3087768554688,0,1,0,0,1,0,0,21.3465003967285,1.04235279560089,0,34,17,17,3,3
"286",437,"Cote d’Ivoire",1995,286,1,0,1,1,1,0,6,1.94591009616852,2.7725887298584,6.36860847473145,0,0,0,16.4725456237793,1,0,1,0,1,0,0,21.9473876953125,-9.21034049987793,0,39,25,25,15,7
"287",437,"Cote d’Ivoire",1995,287,1,0,1,1,3,0,7,2.0794415473938,2.7725887298584,6.36860847473145,0,0,0,16.4725456237793,0,0,1,0,1,0,0,21.9473876953125,-9.21034049987793,0,39,25,25,15,7
"288",437,"Cote d’Ivoire",2000,288,1,1,1,0,1,1,8,2.19722461700439,2.83321332931519,6.65033531188965,0,0,0,16.6031665802002,1,0,1,1,NA,0,0,21.3077697753906,2.42256021499634,1,45,35,33,11,5
"289",437,"Cote d’Ivoire",2000,289,1,1,1,0,3,1,1,0.6931471824646,2.83321332931519,6.65033531188965,0,0,0,16.6031665802002,0,0,1,0,1,0,0,21.3077697753906,2.42256021499634,1,45,35,33,11,5
"290",438,"Guinea",1993,290,1,1,1,0,3,1,21,3.09104251861572,3.36729574203491,6.23038291931152,0,0,0,15.6821355819702,1,1,0,1,1,0,0,21.2954368591309,-9.21034049987793,1,42,30,29,17,8
"291",438,"Guinea",1995,291,1,0,1,1,1,1,2,1.0986123085022,2.7725887298584,6.14564228057861,0,0,0,15.7964506149292,0,1,1,0,1,0,0,21.2182846069336,-9.21034049987793,1,39,25,25,15,7
"292",438,"Guinea",1998,292,1,1,0,0,2,1,9,2.30258512496948,2.70805025100708,6.16127252578735,0,0,0,15.8927192687988,1,0,1,0,1,0,0,21.2465190887451,-9.21034049987793,1,39,22,22,6,6
"293",438,"Guinea",2002,293,1,1,1,0,1,1,6,1.94591009616852,2.89037179946899,5.81244134902954,0,1,0,15.952317237854,0,0,1,0,1,0,0,21.1849403381348,-9.21034049987793,0,46,34,33,13,6
"294",438,"Guinea",2003,294,0,0,1,0,3,1,NA,NA,0,5.83710145950317,0,1,0,15.9678468704224,1,0,1,0,1,0,0,21.1383781433105,-9.21034049987793,1,35,24,22,15,12
"295",439,"Burkina Faso",1991,295,0,0,1,1,NA,0,NA,NA,0,5.80698871612549,0,0,0,16.0481014251709,1,1,1,0,1,0,0,21.221492767334,-9.21034049987793,0,32,13,13,0,0
"296",439,"Burkina Faso",1992,296,0,0,1,1,3,1,NA,NA,0,5.79072093963623,0,0,0,16.0751914978027,0,0,0,0,0,0,0,21.3026847839355,-9.21034049987793,0,52,29,29,12,6
"297",439,"Burkina Faso",1997,297,0,0,1,1,2,1,1,0.6931471824646,2.56494927406311,5.46090221405029,32.2299995422363,0,0,16.2126941680908,0,0,1,1,1,0,0,21.2480068206787,-9.21034049987793,1,42,25,25,10,9
"298",439,"Burkina Faso",1998,298,0,0,1,1,2,1,2,1.0986123085022,2.70805025100708,5.37794542312622,32.2299995422363,0,0,16.2404556274414,1,0,1,0,1,0,0,21.2422676086426,-9.21034049987793,0,39,22,22,6,6
"299",439,"Burkina Faso",2002,299,0,0,1,1,2,1,NA,NA,0,5.4044132232666,10.1099996566772,0,0,16.3530464172363,0,0,1,0,NA,0,0,21.3115863800049,-9.21034049987793,0,46,34,33,13,6
"300",450,"Liberia",1997,300,1,1,1,1,2,1,48,3.89182019233704,2.94443893432617,4.2812294960022,0,1,1,14.6056976318359,2,1,1,0,NA,0,1,21.0307807922363,-9.21034049987793,0,42,25,25,10,9
"301",451,"Sierra Leone",1996,301,1,1,1,1,3,0,23,3.178053855896,2.7725887298584,5.40881872177124,0,1,0,15.1760673522949,2,1,0,0,0,0,0,21.0699634552002,-9.21034049987793,0,46,33,33,14,11
"302",451,"Sierra Leone",2002,302,1,0,1,1,3,1,31,3.465735912323,3.21887588500977,5.23215627670288,27.6599998474121,1,1,15.2750205993652,2,1,1,0,1,0,0,21.2338352203369,-9.21034049987793,1,46,34,33,13,6
"303",452,"Ghana",1992,303,0,0,1,1,3,1,7,2.0794415473938,3.36729574203491,6.07294321060181,0,0,0,16.5378665924072,1,1,1,0,0,0,0,21.6145496368408,-9.21034049987793,NA,52,29,29,12,6
"304",452,"Ghana",1992,304,0,0,1,1,1,1,8,2.19722461700439,3.36729574203491,6.07294321060181,0,0,0,16.5378665924072,0,1,1,0,1,0,0,21.6145496368408,-9.21034049987793,NA,52,29,29,12,6
"305",452,"Ghana",1996,305,1,1,1,1,1,1,3,1.3862943649292,2.99573230743408,5.94103288650513,0,0,0,16.6485424041748,2,0,1,0,1,0,0,21.3858871459961,-9.21034049987793,0,46,33,33,14,11
"306",452,"Ghana",2000,306,1,0,1,1,3,1,7,2.0794415473938,2.83321332931519,6.02196359634399,0,0,0,16.7448711395264,2,0,1,0,0,0,0,21.402416229248,0.891884446144104,0,45,35,33,11,5
"307",461,"Togo",1990,307,0,0,0,0,3,0,NA,NA,0,5.93631935119629,0,0,0,15.0892333984375,0,0,0,0,1,0,0,21.1179599761963,-9.21034049987793,0,34,17,17,3,3
"308",461,"Togo",1993,308,1,0,1,1,3,1,1,0.6931471824646,2.94443893432617,6.09330463409424,0,0,0,15.1564388275146,1,1,0,0,1,0,0,21.0976467132568,-9.21034049987793,1,42,30,29,17,8
"309",461,"Togo",1994,309,0,0,1,1,2,1,NA,NA,0,5.75727081298828,0,0,0,15.1758480072021,0,0,1,0,0,0,0,20.9708843231201,-9.21034049987793,1,40,28,28,17,10
"310",461,"Togo",1998,310,1,1,1,1,3,1,3,1.3862943649292,2.70805025100708,5.84249448776245,0,0,0,15.2855367660522,1,0,1,1,0,0,0,20.9971714019775,-9.21034049987793,1,39,22,22,6,6
"311",461,"Togo",1999,311,0,0,1,1,1,1,0,0,3.21887588500977,5.86570310592651,0,0,0,15.3196268081665,0,0,1,0,1,0,1,21.0052738189697,-9.21034049987793,1,48,36,35,17,12
"312",461,"Togo",2002,312,0,0,1,1,1,1,0,0,2.94443893432617,5.60012769699097,0,0,0,15.4100666046143,0,0,1,0,NA,0,0,20.9203205108643,-9.21034049987793,1,46,34,33,13,6
"313",461,"Togo",2003,313,0,0,1,1,3,1,NA,NA,0,5.6765923500061,0,0,0,15.4350805282593,1,0,1,0,1,0,0,20.9239349365234,-9.21034049987793,1,35,24,22,15,12
"314",471,"Cameroon",1992,314,1,0,NA,NA,2,0,1,0.6931471824646,3.36729574203491,6.90010166168213,0,0,0,16.3436279296875,0,1,0,0,1,1,0,21.3827629089355,4.70754528045654,1,52,29,29,12,6
"315",471,"Cameroon",1992,315,0,0,1,1,1,0,NA,NA,0,6.90010166168213,0,0,0,16.3436279296875,1,0,1,0,0,1,0,21.3827629089355,4.70754528045654,0,52,29,29,12,6
"316",471,"Cameroon",1997,316,0,0,1,1,2,1,NA,NA,0,6.52382612228394,0,0,0,16.4748935699463,0,0,1,0,1,0,0,21.2378311157227,4.21299695968628,1,42,25,25,10,9
"317",471,"Cameroon",1997,317,0,0,1,1,1,1,0,0,2.56494927406311,6.52382612228394,0,0,0,16.4748935699463,1,0,1,0,1,0,1,21.2378311157227,4.21299695968628,1,42,25,25,10,9
"318",471,"Cameroon",2002,318,0,0,1,1,1,1,NA,NA,0,6.39789199829102,0,0,0,16.5905799865723,0,0,1,0,NA,0,1,21.3612651824951,4.09038305282593,0,46,34,33,13,6
"319",475,"Nigeria",1992,319,0,0,0,0,2,1,NA,NA,0,5.61009931564331,0,0,0,18.4205417633057,0,1,1,0,1,0,0,21.1437911987305,5.24341487884521,0,52,29,29,12,6
"320",475,"Nigeria",1993,320,0,0,1,1,1,1,NA,NA,0,5.76612329483032,0,0,0,18.4448337554932,1,1,0,0,1,0,0,21.1301441192627,5.17557716369629,NA,42,30,29,17,8
"321",475,"Nigeria",1998,321,0,0,0,0,2,0,NA,NA,0,5.75035905838013,0,0,0,18.5627765655518,0,1,0,0,1,0,0,21.0747890472412,5.06881856918335,NA,39,22,22,6,6
"322",475,"Nigeria",1999,322,1,1,1,1,3,1,5,1.7917594909668,2.70805025100708,5.60743188858032,0,0,0,18.5860538482666,0,1,0,0,NA,0,0,21.0817089080811,4.58207273483276,1,48,36,35,17,12
"323",475,"Nigeria",1999,323,1,1,1,1,2,1,5,1.7917594909668,2.70805025100708,5.60743188858032,0,0,0,18.5860538482666,1,1,1,0,NA,0,0,21.0817089080811,4.58207273483276,1,48,36,35,17,12
"324",475,"Nigeria",2003,324,1,1,1,1,2,1,11,2.4849066734314,2.94443893432617,6.12102699279785,43.6199989318848,0,0,18.681755065918,0,0,1,0,1,0,1,21.1700325012207,5.23849296569824,NA,35,24,22,15,12
"325",475,"Nigeria",2003,325,1,1,1,1,1,1,11,2.4849066734314,2.94443893432617,6.12102699279785,43.6199989318848,0,0,18.681755065918,1,0,1,0,1,0,0,21.1700325012207,5.23849296569824,1,35,24,22,15,12
"326",481,"Gabon",1990,326,0,0,0,0,3,0,NA,NA,0,8.44524955749512,0,0,0,13.7098598480225,0,1,0,0,NA,0,0,21.0477886199951,7.71116971969604,0,34,17,17,3,3
"327",481,"Gabon",1993,327,1,1,1,1,1,1,2,1.0986123085022,2.94443893432617,8.63791179656982,0,0,0,13.8067617416382,1,0,1,0,1,0,0,20.93896484375,7.80001926422119,1,42,30,29,17,8
"328",481,"Gabon",1996,328,1,1,1,1,1,1,19,2.99573230743408,2.7725887298584,8.42520618438721,0,0,0,13.8992328643799,0,0,1,0,NA,0,0,21.0109462738037,7.71281099319458,1,46,33,33,14,11
"329",481,"Gabon",1998,329,0,0,1,1,2,1,5,1.7917594909668,2.70805025100708,8.44212532043457,0,0,0,13.9538946151733,1,0,1,0,1,0,0,20.9067192077637,7.74078941345215,1,39,22,22,6,6
"330",481,"Gabon",2001,330,0,0,1,1,1,1,NA,NA,0,8.31938171386719,0,0,0,14.0268030166626,0,0,1,0,1,0,0,20.8746471405029,7.90271043777466,0,34,24,24,10,6
"331",482,"Central African Republic",1992,331,1,0,1,1,2,0,4,1.60943794250488,3.36729574203491,6.14624929428101,0,0,0,14.9165687561035,2,0,0,0,1,0,0,21.0621643066406,-9.21034049987793,1,52,29,29,12,6
"332",482,"Central African Republic",1993,332,1,0,1,1,3,0,1,0.6931471824646,2.94443893432617,6.1417875289917,0,0,0,14.9420490264893,2,1,1,0,NA,0,0,21.0530090332031,-9.21034049987793,0,42,30,29,17,8
"333",482,"Central African Republic",1998,333,1,1,1,1,2,1,10,2.39789533615112,2.70805025100708,5.66064643859863,0,0,0,15.06369972229,0,0,1,0,NA,0,0,20.9616374969482,-9.21034049987793,0,39,22,22,6,6
"334",482,"Central African Republic",1999,334,1,1,1,1,1,1,7,2.0794415473938,3.21887588500977,5.68422985076904,0,0,1,15.0851602554321,1,0,1,0,1,0,0,20.9968433380127,-9.21034049987793,0,48,36,35,17,12
"335",483,"Chad",1990,335,0,0,0,0,NA,0,NA,NA,0,5.5055103302002,0,1,0,15.5780086517334,0,1,NA,0,1,0,NA,21.1891803741455,-9.21034049987793,0,34,17,17,3,3
"336",483,"Chad",1996,336,1,1,1,1,3,1,4,1.60943794250488,2.99573230743408,5.33085823059082,0,1,0,15.7611503601074,1,1,0,0,1,0,0,21.0867767333984,-9.21034049987793,1,46,33,33,14,11
"337",483,"Chad",1997,337,0,0,1,1,3,1,NA,NA,0,5.40561628341675,0,1,0,15.7922382354736,0,0,1,0,NA,0,0,21.1458759307861,-9.21034049987793,1,42,25,25,10,9
"338",483,"Chad",2001,338,1,1,1,1,2,1,13,2.63905739784241,2.83321332931519,5.12663888931274,0,1,0,15.9223642349243,1,0,1,0,1,0,0,21.0238227844238,-9.21034049987793,1,34,24,24,10,6
"339",483,"Chad",2002,339,0,0,1,1,2,1,3,1.3862943649292,2.94443893432617,5.30169010162354,0,1,0,15.9576854705811,0,0,1,0,1,0,0,21.0955123901367,-9.21034049987793,1,46,34,33,13,6
"340",484,"Congo",1992,340,0,0,NA,NA,1,1,NA,NA,0,7.01247596740723,0,0,0,14.7132043838501,0,1,1,0,NA,0,0,21.019510269165,6.35910892486572,0,52,29,29,12,6
"341",484,"Congo",1992,341,1,0,1,1,1,1,1,0.6931471824646,3.36729574203491,7.01247596740723,0,0,0,14.7132043838501,1,0,1,0,NA,0,0,21.019510269165,6.35910892486572,0,52,29,29,12,6
"342",484,"Congo",1993,342,1,0,1,1,1,1,6,1.94591009616852,3.36729574203491,7.05952024459839,0,0,0,14.7398471832275,0,0,1,0,NA,0,0,20.986967086792,6.33423376083374,0,42,30,29,17,8
"343",484,"Congo",2002,343,1,0,1,1,3,1,12,2.56494927406311,2.89037179946899,6.76801490783691,0,1,0,14.9828186035156,1,0,1,0,1,0,0,20.9526386260986,6.63264560699463,0,46,34,33,13,6
"344",484,"Congo",2002,344,0,0,1,1,1,1,NA,NA,0,6.76801490783691,0,1,0,14.9828186035156,0,1,1,0,1,0,0,20.9526386260986,6.63264560699463,0,46,34,33,13,6
"345",500,"Uganda",1994,345,1,1,0,0,3,1,17,2.89037179946899,3.36729574203491,5.10368585586548,0,1,0,16.789098739624,0,1,1,0,1,0,0,21.4359321594238,-9.21034049987793,0,40,28,28,17,10
"346",500,"Uganda",1996,346,1,1,1,1,3,1,12,2.56494927406311,2.7725887298584,5.62152099609375,0,1,0,16.851957321167,1,0,0,0,1,0,0,21.5212497711182,-9.21034049987793,1,46,33,33,14,11
"347",500,"Uganda",1996,347,1,1,1,1,1,1,13,2.63905739784241,2.7725887298584,5.62152099609375,0,1,0,16.851957321167,0,0,0,0,1,0,0,21.5212497711182,-9.21034049987793,1,46,33,33,14,11
"348",500,"Uganda",2001,348,0,0,1,1,1,1,1,0.6931471824646,2.89037179946899,5.54432010650635,0,1,0,17.002405166626,1,0,0,0,1,0,0,21.61159324646,-9.21034049987793,1,34,24,24,10,6
"349",500,"Uganda",2001,349,0,0,1,1,2,1,NA,NA,0,5.54432010650635,0,1,0,17.002405166626,0,0,0,0,1,0,1,21.61159324646,-9.21034049987793,1,34,24,24,10,6
"350",501,"Kenya",1992,350,1,0,1,1,3,1,1,0.6931471824646,3.36729574203491,5.81794738769531,0,0,0,17.0035190582275,2,1,0,1,0,0,0,21.6270904541016,-9.21034049987793,1,52,29,29,12,6
"351",501,"Kenya",1994,351,0,0,1,1,1,1,NA,NA,0,5.4050931930542,0,0,0,17.067684173584,0,1,1,0,1,0,1,21.6128387451172,-9.21034049987793,1,40,28,28,17,10
"352",501,"Kenya",1997,352,0,0,1,1,2,1,NA,NA,0,6.05745267868042,0,0,0,17.1545352935791,2,0,1,0,0,0,1,21.3644351959229,-9.21034049987793,1,42,25,25,10,9
"353",501,"Kenya",2002,353,0,0,1,1,2,1,2,1.0986123085022,2.94443893432617,6.00351238250732,0,0,0,17.2836246490479,2,0,1,0,0,0,1,21.3482513427734,-9.21034049987793,0,46,34,33,13,6
"354",510,"Tanzania",1990,354,0,0,0,0,3,0,NA,NA,0,5.21597671508789,0,0,0,17.021520614624,2,1,0,0,1,0,0,21.7368545532227,-9.21034049987793,1,34,17,17,3,3
"355",510,"Tanzania",1995,355,1,0,1,1,3,1,4,1.60943794250488,2.7725887298584,5.07311725616455,0,0,0,17.1850185394287,2,1,0,0,0,0,0,21.6499652862549,-9.21034049987793,0,39,25,25,15,7
"356",510,"Tanzania",2000,356,1,0,1,1,1,1,6,1.94591009616852,2.83321332931519,5.70591163635254,0,0,0,17.3179798126221,2,0,1,0,1,0,0,21.6752948760986,-9.21034049987793,0,45,35,33,11,5
"357",516,"Burundi",1993,357,1,1,1,1,3,1,6,1.94591009616852,3.36729574203491,5.2236385345459,0,1,0,15.5793972015381,1,1,0,0,1,0,0,21.181791305542,-9.21034049987793,NA,42,30,29,17,8
"358",516,"Burundi",1993,358,1,1,1,1,3,1,6,1.94591009616852,3.36729574203491,5.2236385345459,0,1,0,15.5793972015381,0,1,1,0,0,0,0,21.181791305542,-9.21034049987793,0,42,30,29,17,8
"359",517,"Rwanda",2003,359,1,1,1,1,2,1,8,2.19722461700439,2.94443893432617,5.26212167739868,0,1,0,15.9784173965454,1,1,0,0,1,0,0,21.239574432373,-9.21034049987793,1,35,24,22,15,12
"360",517,"Rwanda",2003,360,1,1,1,1,3,1,9,2.30258512496948,2.94443893432617,5.26212167739868,0,1,0,15.9784173965454,0,1,1,0,1,0,1,21.239574432373,-9.21034049987793,1,35,24,22,15,12
"361",522,"Djibouti",1992,361,1,0,1,1,3,0,1,0.6931471824646,3.36729574203491,6.67838001251221,0,1,0,13.273609161377,0,1,0,0,1,0,0,20.9879970550537,-9.21034049987793,0,52,29,29,12,6
"362",522,"Djibouti",1993,362,1,0,1,1,3,0,2,1.0986123085022,2.94443893432617,6.68987321853638,0,1,0,13.2953701019287,1,0,1,0,NA,0,0,20.9850292205811,-9.21034049987793,1,42,30,29,17,8
"363",522,"Djibouti",1997,363,0,0,0,0,3,0,NA,NA,0,6.64192771911621,0,1,0,13.376127243042,0,0,1,0,1,0,0,20.9589157104492,-9.21034049987793,1,42,25,25,10,9
"364",522,"Djibouti",1999,364,1,1,1,1,3,0,9,2.30258512496948,2.70805025100708,6.61534547805786,0,1,0,13.4429092407227,1,0,1,0,1,0,0,20.9535751342773,-9.21034049987793,0,48,36,35,17,12
"365",522,"Djibouti",2003,365,0,0,1,1,2,1,1,0.6931471824646,2.94443893432617,6.64953184127808,0,1,0,13.5480012893677,0,0,1,0,NA,0,0,20.950855255127,-9.21034049987793,1,35,24,22,15,12
"366",530,"Ethiopia",1994,366,1,1,1,1,1,1,26,3.29583692550659,3.36729574203491,4.94120025634766,0,1,0,17.7952327728271,0,1,0,0,1,1,0,21.7245216369629,-9.21034049987793,0,40,28,28,17,10
"367",530,"Ethiopia",1995,367,0,0,1,1,3,1,NA,NA,0,4.87985754013062,0,1,0,17.8279399871826,0,1,1,0,1,1,0,21.6994915008545,-9.21034049987793,1,39,25,25,15,7
"368",530,"Ethiopia",2000,368,1,1,1,1,3,1,13,2.63905739784241,3.21887588500977,4.75266551971436,0,1,0,17.9723415374756,0,0,1,0,1,0,0,21.452522277832,-9.21034049987793,1,45,35,33,11,5
"369",540,"Angola",1992,369,1,1,1,1,3,1,16,2.83321332931519,1.0986123085022,7.0427885055542,0,1,1,16.1814002990723,2,1,NA,0,0,0,NA,21.1701679229736,6.03820180892944,0,52,29,29,12,6
"370",541,"Mozambique",1994,370,1,1,1,1,3,0,24,3.21887588500977,3.36729574203491,4.91632413864136,0,1,1,16.5138187408447,2,1,0,0,1,0,0,21.8124809265137,-9.21034049987793,0,40,28,28,17,10
"371",541,"Mozambique",1999,371,1,1,1,1,3,1,10,2.39789533615112,3.21887588500977,5.50195026397705,42.9300003051758,1,0,16.665958404541,2,0,1,0,1,0,0,21.7119998931885,-9.21034049987793,0,48,36,35,17,12
"372",551,"Zambia",1991,372,0,0,1,1,3,0,NA,NA,0,6.03635740280151,0,0,0,15.8773040771484,2,1,0,1,0,0,0,21.3550109863281,-9.21034049987793,0,32,13,13,0,0
"373",551,"Zambia",1995,373,0,0,0,0,3,2,NA,NA,0,5.95322132110596,24.2000007629395,0,0,15.9779825210571,0,0,1,0,0,0,0,21.4931468963623,-9.21034049987793,0,39,25,25,15,7
"374",551,"Zambia",1996,374,1,0,1,1,3,2,4,1.60943794250488,2.99573230743408,5.96587562561035,24.2000007629395,0,0,16.0037460327148,2,0,1,0,0,0,0,22.0331439971924,-9.21034049987793,1,46,33,33,14,11
"375",551,"Zambia",2001,375,1,1,1,1,2,1,2,1.0986123085022,2.89037179946899,5.76496171951294,33.0699996948242,0,0,16.1380519866943,2,0,1,0,0,0,0,21.5759906768799,-9.21034049987793,0,34,24,24,10,6
"376",552,"Zimbabwe",1990,376,0,0,1,1,3,0,NA,NA,0,6.70299911499023,17.8700008392334,0,0,16.1348724365234,2,0,1,0,1,0,0,21.1981754302979,-9.21034049987793,0,34,17,17,3,3
"377",552,"Zimbabwe",1995,377,0,0,1,1,3,0,NA,NA,0,6.39820051193237,0,0,0,16.2552337646484,0,0,1,0,1,0,0,21.3936824798584,-9.21034049987793,0,39,25,25,15,7
"378",552,"Zimbabwe",1996,378,0,0,0,0,1,0,NA,NA,0,6.41115665435791,0,0,0,16.2737903594971,1,0,1,0,1,0,0,21.2950477600098,-9.21034049987793,0,46,33,33,14,11
"379",552,"Zimbabwe",2000,379,1,0,1,1,1,1,0,0,2.83321332931519,6.31505441665649,6,0,0,16.3336296081543,0,0,1,0,1,0,0,21.1170234680176,-9.21034049987793,1,45,35,33,11,5
"380",552,"Zimbabwe",2002,380,0,0,1,1,1,1,NA,NA,0,6.28963470458984,47,0,0,16.3472232818604,1,0,1,0,0,0,0,21.0586452484131,-9.21034049987793,1,46,34,33,13,6
"381",553,"Malawi",1992,381,0,0,0,0,3,0,NA,NA,0,5.43775510787964,0,0,0,16.0755729675293,0,0,0,0,1,0,0,21.3962097167969,-9.21034049987793,0,52,29,29,12,6
"382",553,"Malawi",1994,382,1,1,1,1,3,0,7,2.0794415473938,2.94443893432617,5.3612642288208,0,0,0,16.0898628234863,2,1,0,0,0,0,0,21.3412532806396,-9.21034049987793,0,40,28,28,17,10
"383",553,"Malawi",1999,383,1,1,1,1,3,2,10,2.39789533615112,2.70805025100708,5.1056866645813,52.5900039672852,0,0,16.1775283813477,2,0,1,0,1,0,0,21.2898349761963,-9.21034049987793,0,48,36,35,17,12
"384",560,"South Africa",1994,384,1,0,1,1,3,2,4,1.60943794250488,2.94443893432617,8.15476608276367,51.1999969482422,0,0,17.439151763916,0,0,1,1,0,0,0,21.1676502227783,-9.21034049987793,0,40,28,28,17,10
"385",560,"South Africa",1999,385,1,1,1,1,3,2,10,2.39789533615112,2.70805025100708,8.07252025604248,5.59999990463257,0,0,17.5507888793945,0,0,1,1,1,0,0,21.3578624725342,1.54257094860077,0,48,36,35,17,12
"386",565,"Namibia",1994,386,1,0,1,1,3,2,5,1.7917594909668,2.7725887298584,7.51044702529907,41.6499977111816,0,0,14.2589492797852,2,1,NA,0,1,0,NA,21.0401916503906,-9.21034049987793,0,40,28,28,17,10
"387",565,"Namibia",1999,387,1,0,1,1,3,2,1,0.6931471824646,3.21887588500977,7.54193115234375,25.1500015258789,0,0,14.4047288894653,2,0,1,0,1,0,0,21.0660972595215,-9.21034049987793,0,48,36,35,17,12
"388",570,"Lesotho",1993,388,1,1,1,1,3,0,5,1.7917594909668,3.36729574203491,6.03250169754028,0,0,0,14.3457174301147,0,1,NA,0,0,0,NA,21.0203723907471,-9.21034049987793,0,42,30,29,17,8
"389",570,"Lesotho",1998,389,1,1,1,1,3,2,11,2.4849066734314,2.56494927406311,6.10722732543945,22.6499996185303,0,0,14.4388885498047,0,0,1,0,0,0,0,20.9657649993896,-9.21034049987793,0,39,22,22,6,6
"390",570,"Lesotho",2002,390,1,0,1,1,2,2,13,2.63905739784241,2.89037179946899,5.84395980834961,24.4699993133545,1,0,14.5031337738037,0,1,1,0,1,0,0,20.9298076629639,-9.21034049987793,0,46,34,33,13,6
"391",571,"Botswana",1994,391,0,0,1,1,3,2,NA,NA,0,7.92382907867432,26.9500007629395,0,0,14.2249917984009,0,0,1,0,1,0,0,21.0179252624512,-9.21034049987793,0,40,28,28,17,10
"392",571,"Botswana",1999,392,0,0,1,1,3,2,NA,NA,0,8.02659320831299,37.0699996948242,0,0,14.3435392379761,0,0,1,0,1,0,0,20.979944229126,-9.21034049987793,0,48,36,35,17,12
"393",572,"Swaziland",1993,393,0,0,0,0,3,0,4,1.60943794250488,2.94443893432617,7.25543546676636,0,0,0,13.7191734313965,0,0,1,0,NA,0,0,20.9252681732178,-9.21034049987793,0,42,30,29,17,8
"394",572,"Swaziland",1998,394,0,0,0,0,2,0,NA,NA,0,7.44221544265747,0,0,0,13.8223114013672,0,0,0,0,NA,0,0,20.8907356262207,-9.21034049987793,0,39,22,22,6,6
"395",572,"Swaziland",2003,395,0,0,1,1,3,0,NA,NA,0,7.09668827056885,0,0,0,13.8288583755493,0,0,0,0,NA,0,0,20.8869743347168,-9.21034049987793,0,35,24,22,15,12
"396",580,"Madagascar",1992,396,1,1,1,1,3,1,8,2.19722461700439,3.36729574203491,5.43071031570435,15.2600002288818,0,0,16.2683010101318,1,1,0,0,0,0,0,21.3223991394043,-9.21034049987793,0,52,29,29,12,6
"397",580,"Madagascar",1993,397,1,1,1,1,3,2,15,2.7725887298584,3.36729574203491,5.53168964385986,15.2600002288818,0,0,16.2983093261719,0,1,1,0,0,0,0,21.2271747589111,-9.21034049987793,0,42,30,29,17,8
"398",580,"Madagascar",1996,398,1,0,1,1,2,2,1,0.6931471824646,2.99573230743408,5.48345518112183,0,0,0,16.3903522491455,1,0,1,0,0,1,0,21.1419563293457,-9.21034049987793,0,46,33,33,14,11
"399",580,"Madagascar",1998,399,0,0,1,1,3,2,NA,NA,0,5.53576564788818,0,0,0,16.4532566070557,0,0,1,0,1,0,0,21.5791645050049,-9.21034049987793,1,39,22,22,6,6
"400",580,"Madagascar",2001,400,0,0,1,1,3,2,NA,NA,0,5.53094577789307,0,0,0,16.5475559234619,1,0,1,0,0,0,0,21.2062911987305,-9.21034049987793,0,34,24,24,10,6
"401",580,"Madagascar",2002,401,1,1,0,0,1,2,3,1.3862943649292,2.94443893432617,5.65544033050537,0,0,0,16.5784530639648,0,0,1,0,0,0,1,21.2655258178711,-9.21034049987793,0,46,34,33,13,6
"402",581,"Comoros",1990,402,0,0,0,0,3,0,NA,NA,0,6.14201688766479,0,1,0,12.9654569625854,1,1,0,0,0,0,0,20.9240989685059,-9.21034049987793,0,34,17,17,3,3
"403",581,"Comoros",1992,403,0,0,1,1,3,1,NA,NA,0,6.31035041809082,0,1,0,13.0138330459595,0,1,1,0,0,0,0,20.9385223388672,-9.21034049987793,0,52,29,29,12,6
"404",581,"Comoros",1993,404,0,0,0,0,3,1,NA,NA,0,6.36179828643799,0,1,0,13.0379266738892,0,0,1,0,0,0,0,20.9150257110596,-9.21034049987793,0,42,30,29,17,8
"405",581,"Comoros",1996,405,1,1,1,1,3,1,5,1.7917594909668,2.7725887298584,6.15052652359009,0,1,0,13.111273765564,1,0,1,0,0,0,0,20.901704788208,-9.21034049987793,0,46,33,33,14,11
"406",581,"Comoros",1996,406,1,1,1,1,3,1,7,2.0794415473938,2.99573230743408,6.15052652359009,0,1,0,13.111273765564,0,1,1,0,1,0,0,20.901704788208,-9.21034049987793,0,46,33,33,14,11
"407",581,"Comoros",2002,407,1,1,1,1,3,1,20,3.04452252388,2.83321332931519,5.94308042526245,0,1,0,13.266583442688,1,0,1,0,1,0,1,20.8961925506592,-9.21034049987793,0,46,34,33,13,6
"408",590,"Mauritius",1991,408,0,0,0,0,3,2,NA,NA,0,7.82651710510254,0,0,0,13.8726234436035,0,0,1,0,0,0,0,20.9669647216797,-9.21034049987793,0,32,13,13,0,0
"409",590,"Mauritius",1995,409,0,0,0,0,3,2,NA,NA,0,8.07007312774658,0,0,0,13.9224309921265,0,0,1,0,0,1,0,20.8775215148926,-9.21034049987793,0,39,25,25,15,7
"410",590,"Mauritius",2000,410,1,1,1,1,3,2,34,3.55534815788269,2.56494927406311,8.20281982421875,0,0,0,13.9770059585571,0,0,1,0,0,1,0,20.9116687774658,-9.21034049987793,0,45,35,33,11,5
"411",600,"Morocco",1993,411,0,0,0,0,3,0,NA,NA,0,7.00108909606934,27.7200012207031,1,1,17.0612144470215,0,1,1,0,0,0,0,21.6284027099609,-1.91954255104065,1,42,30,29,17,8
"412",600,"Morocco",1997,412,0,0,0,0,2,0,NA,NA,0,7.19137668609619,0,1,1,17.1232643127441,0,0,1,0,0,0,0,21.4112243652344,-2.46936845779419,1,42,25,25,10,9
"413",600,"Morocco",2002,413,0,0,0,0,3,0,NA,NA,0,7.15483379364014,36.5299987792969,0,1,17.1872520446777,0,0,1,0,0,0,0,21.3861751556396,-1.00141131877899,0,46,34,33,13,6
"414",615,"Algeria",1991,414,0,0,0,0,3,1,NA,NA,0,7.80484485626221,0,0,0,17.0462818145752,0,1,0,0,0,0,0,21.2230110168457,6.29047775268555,0,32,13,13,0,0
"415",615,"Algeria",1995,415,1,0,1,1,3,0,3,1.3862943649292,2.7725887298584,7.33498573303223,0,1,0,17.138786315918,1,1,1,0,0,0,0,21.1883316040039,5.80995273590088,0,39,25,25,15,7
"416",615,"Algeria",1997,416,1,0,1,1,3,1,4,1.60943794250488,2.56494927406311,7.39673852920532,0,1,0,17.1754302978516,0,0,1,0,1,0,0,21.159273147583,6.22335815429688,0,42,25,25,10,9
"417",615,"Algeria",1999,417,0,0,0,0,3,1,NA,NA,0,7.39259958267212,0,1,0,17.2057723999023,1,0,1,0,0,0,1,21.2886657714844,5.95515298843384,1,48,36,35,17,12
"418",615,"Algeria",2002,418,0,0,0,0,3,1,NA,NA,0,7.48496055603027,0,1,0,17.2489242553711,0,0,1,0,1,0,0,21.117015838623,6.98275804519653,1,46,34,33,13,6
"419",616,"Tunisia",1994,419,0,0,0,0,1,1,NA,NA,0,7.43097496032715,0,0,0,15.9739246368408,2,0,0,0,1,0,0,21.1372814178467,4.42124700546265,0,40,28,28,17,10
"420",616,"Tunisia",1999,420,0,0,0,0,3,1,NA,NA,0,7.7562313079834,2.09000015258789,0,0,16.0490989685059,2,0,0,0,0,0,0,21.0340023040771,4.03065776824951,0,48,36,35,17,12
"421",625,"Sudan",1996,421,0,0,1,1,3,0,2,1.0986123085022,2.99573230743408,6.12873077392578,0,1,0,17.0157661437988,2,1,1,0,1,0,0,21.0967311859131,-0.755649507045746,0,46,33,33,14,11
"422",625,"Sudan",2000,422,0,0,1,1,3,0,2,1.0986123085022,2.83321332931519,5.76870012283325,0,1,0,17.109489440918,2,0,0,0,1,0,0,21.1291313171387,2.57376289367676,1,45,35,33,11,5
"423",630,"Iran",1992,423,0,0,0,0,3,0,NA,NA,0,NA,0,1,0,17.8421382904053,0,0,0,0,1,0,0,21.0787143707275,6.44710302352905,0,52,29,29,12,6
"424",630,"Iran",1993,424,0,0,0,0,3,0,NA,NA,0,NA,0,1,0,17.8597469329834,1,0,0,0,1,0,0,20.980354309082,6.36065673828125,0,42,30,29,17,8
"425",630,"Iran",1996,425,0,0,0,0,3,0,NA,NA,0,7.32645130157471,0,1,0,17.905797958374,0,0,0,0,NA,0,0,21.020959854126,6.18209028244019,0,46,33,33,14,11
"426",630,"Iran",1997,426,0,0,0,0,3,0,NA,NA,0,7.50558757781982,0,1,0,17.9233589172363,1,0,0,0,1,0,0,21.0082035064697,6.32638263702393,0,42,25,25,10,9
"427",630,"Iran",1998,427,0,0,1,1,3,1,NA,NA,0,7.4381365776062,0,1,0,17.941930770874,0,0,0,0,1,0,0,21.0647964477539,6.24324369430542,0,39,22,22,6,6
"428",630,"Iran",2000,428,0,0,0,0,3,1,NA,NA,0,7.39521217346191,0,1,0,17.9787330627441,0,0,1,0,1,0,1,21.0297946929932,6.09740161895752,0,45,35,33,11,5
"429",630,"Iran",2001,429,0,0,0,0,3,1,NA,NA,0,7.34606885910034,0,1,0,17.9951496124268,1,0,1,0,1,0,0,21.0087146759033,6.59668922424316,0,34,24,24,10,6
"430",640,"Turkey",1991,430,0,0,0,0,3,2,NA,NA,0,7.93149566650391,43.879997253418,1,0,17.8069038391113,0,0,1,0,0,0,0,21.8499698638916,2.73081564903259,0,32,13,13,0,0
"431",640,"Turkey",1995,431,0,0,0,0,3,2,NA,NA,0,7.72167253494263,51.6399993896484,1,0,17.8744220733643,0,0,1,0,0,0,0,21.0667343139648,2.28483033180237,0,39,25,25,15,7
"432",640,"Turkey",1999,432,0,0,0,0,3,2,NA,NA,0,8.38055801391602,51.2400016784668,1,0,17.9384860992432,0,0,1,0,0,0,0,20.9076442718506,1.82695233821869,0,48,36,35,17,12
"433",640,"Turkey",2002,433,0,0,1,1,3,2,NA,NA,0,8.01853561401367,27.5699996948242,1,0,17.9828720092773,0,0,1,0,0,0,0,21.077543258667,1.90024530887604,0,46,34,33,13,6
"434",645,"Iraq",1995,434,0,0,0,0,3,0,NA,NA,0,NA,0,1,1,16.8276977539062,1,0,0,0,1,0,0,21.1303424835205,5.15502452850342,0,39,25,25,15,7
"435",645,"Iraq",1996,435,0,0,0,0,3,0,NA,NA,0,NA,0,1,1,16.85546875,0,1,0,0,1,0,0,21.1842479705811,5.23659992218018,0,46,33,33,14,11
"436",645,"Iraq",2000,436,0,0,0,0,3,0,NA,NA,0,6.63409852981567,0,1,1,16.9763317108154,0,0,1,0,1,0,0,20.9608726501465,6.56564998626709,0,45,35,33,11,5
"437",651,"Egypt",1990,437,0,0,1,1,3,0,NA,NA,0,6.5684175491333,28.3999996185303,0,0,17.8348999023438,0,0,1,0,1,0,0,22.072021484375,5.06978607177734,1,34,17,17,3,3
"438",651,"Egypt",1993,438,0,0,1,1,3,0,NA,NA,0,6.56436634063721,20.3999996185303,0,0,17.8931217193604,1,0,1,0,1,0,0,22.5760383605957,5.00902795791626,1,42,30,29,17,8
"439",651,"Egypt",1995,439,0,0,0,0,3,0,NA,NA,0,6.74563550949097,20.3999996185303,1,0,17.9269104003906,0,0,0,0,1,0,0,22.3294143676758,4.77144336700439,1,39,25,25,15,7
"440",651,"Egypt",1999,440,0,0,NA,NA,1,0,NA,NA,0,7.16925764083862,0,1,0,17.9946441650391,1,0,1,0,1,0,0,22.0776901245117,4.37350034713745,1,48,36,35,17,12
"441",651,"Egypt",2000,441,0,0,NA,NA,3,0,NA,NA,0,7.21887350082397,0,1,0,18.0120677947998,0,0,0,0,1,0,0,21.9382801055908,4.61228942871094,0,45,35,33,11,5
"442",652,"Syria",1990,442,0,0,0,0,3,0,NA,NA,0,6.71347904205322,0,0,0,16.2976036071777,0,0,0,0,1,0,0,21.0212860107422,5.59361505508423,0,34,17,17,3,3
"443",652,"Syria",1991,443,0,0,0,0,3,0,NA,NA,0,6.90649747848511,0,0,1,16.3270683288574,1,0,0,0,1,0,0,21.6345520019531,5.95011568069458,0,32,13,13,0,0
"444",652,"Syria",1994,444,0,0,0,0,3,0,NA,NA,0,6.92671012878418,0,0,1,16.4136562347412,0,0,0,0,1,0,0,21.1207180023193,5.76716756820679,0,40,28,28,17,10
"445",652,"Syria",1998,445,0,0,0,0,3,0,NA,NA,0,6.88382959365845,0,0,1,16.5139465332031,0,0,0,0,1,0,0,21.0641632080078,5.70242214202881,0,39,22,22,6,6
"446",652,"Syria",1999,446,0,0,0,0,3,0,NA,NA,0,6.90778970718384,0,0,1,16.5368270874023,1,0,0,0,1,0,0,21.0296325683594,5.32001209259033,0,48,36,35,17,12
"447",652,"Syria",2000,447,0,0,0,0,3,0,NA,NA,0,6.92690229415894,0,0,1,16.5610389709473,1,0,0,0,1,0,0,21.0817928314209,5.58319091796875,0,45,35,33,11,5
"448",652,"Syria",2003,448,0,0,0,0,3,0,NA,NA,0,7.14859676361084,0,0,1,16.6465396881104,0,0,0,0,1,0,0,20.9368515014648,5.69030523300171,0,35,24,22,15,12
"449",660,"Lebanon",1992,449,0,0,NA,NA,NA,2,NA,NA,0,7.29373407363892,0,1,1,14.9227724075317,0,1,1,0,1,0,0,21.0071277618408,-9.21034049987793,1,52,29,29,12,6
"450",660,"Lebanon",1996,450,0,0,1,1,3,2,NA,NA,0,8.12682151794434,0,1,1,15.057638168335,0,0,1,0,1,0,0,21.0508995056152,-9.21034049987793,1,46,33,33,14,11
"451",660,"Lebanon",2000,451,0,0,1,1,1,2,NA,NA,0,8.45807552337646,0,1,1,15.1211462020874,0,0,1,0,1,0,1,21.0783004760742,-9.21034049987793,0,45,35,33,11,5
"452",663,"Jordan",1993,452,0,0,1,1,3,1,NA,NA,0,7.2602915763855,0,0,0,15.1327228546143,0,1,0,0,1,0,0,21.2659339904785,-1.98151886463165,0,42,30,29,17,8
"453",663,"Jordan",1997,453,0,0,1,1,2,1,NA,NA,0,7.37897491455078,0,0,0,15.279932975769,0,0,1,0,0,0,0,21.2982196807861,1.35141265392303,1,42,25,25,10,9
"454",663,"Jordan",2003,454,1,0,1,1,3,1,1,0.6931471824646,1.60943794250488,7.55086517333984,0,0,0,15.4325199127197,0,0,1,0,NA,0,0,21.3704471588135,2.05063056945801,1,35,24,22,15,12
"455",666,"Israel",1992,455,0,0,0,0,3,2,NA,NA,0,9.38898944854736,45.2000007629395,1,0,15.4146957397461,0,0,1,0,0,0,0,22.0384101867676,-0.0130255445837975,0,52,29,29,12,6
"456",666,"Israel",1996,456,0,0,0,0,3,2,NA,NA,0,9.7590446472168,45.4000015258789,1,0,15.5284070968628,0,0,1,0,0,0,0,21.195873260498,-0.81313282251358,0,46,33,33,14,11
"457",666,"Israel",1999,457,0,0,0,0,3,2,NA,NA,0,9.81967926025391,43.5999984741211,1,0,15.602424621582,2,0,1,0,0,0,0,21.6521377563477,-1.2006424665451,0,48,36,35,17,12
"458",666,"Israel",2001,458,0,0,0,0,3,2,NA,NA,0,9.89642810821533,34.7800025939941,1,0,15.6543130874634,1,0,1,0,0,1,0,21.476655960083,-1.05258727073669,0,34,24,24,10,6
"459",666,"Israel",2003,459,0,0,0,0,3,2,NA,NA,0,9.75240230560303,40.9300003051758,1,0,15.6980247497559,0,0,1,0,0,1,0,21.4400615692139,-1.1221776008606,0,35,24,22,15,12
"460",679,"Yemen",1993,460,0,0,1,1,3,1,NA,NA,0,6.19447612762451,0,0,0,16.394983291626,0,1,NA,0,1,0,NA,21.1265411376953,6.58346176147461,0,42,30,29,17,8
"461",679,"Yemen",1997,461,1,1,1,1,3,1,10,2.39789533615112,2.99573230743408,5.90883111953735,0,0,0,16.5698223114014,0,0,1,1,1,0,0,21.1030578613281,6.54315710067749,0,42,25,25,10,9
"462",679,"Yemen",1999,462,0,0,1,1,3,1,NA,NA,0,5.93588304519653,0,0,0,16.6319274902344,1,0,1,0,1,0,0,21.2534351348877,6.31182193756104,0,48,36,35,17,12
"463",679,"Yemen",2003,463,1,1,1,1,3,1,36,3.61091780662537,2.83321332931519,6.34182262420654,0,0,0,16.7510585784912,0,0,1,1,1,0,0,21.104513168335,5.80799245834351,1,35,24,22,15,12
"464",690,"Kuwait",1990,464,0,0,0,0,3,0,NA,NA,0,9.3647289276123,0,0,0,14.5495834350586,0,1,0,0,NA,0,0,20.8647212982178,8.76707553863525,NA,34,17,17,3,3
"465",690,"Kuwait",1992,465,0,0,0,0,3,0,NA,NA,0,8.59802532196045,0,0,0,14.5240411758423,0,0,0,0,1,0,0,20.8729095458984,7.1524543762207,0,52,29,29,12,6
"466",690,"Kuwait",1996,466,0,0,0,0,3,0,NA,NA,0,9.72336864471436,0,0,0,14.3028078079224,0,0,0,0,0,0,0,20.8623065948486,9.0577974319458,0,46,33,33,14,11
"467",690,"Kuwait",1999,467,0,0,0,0,3,0,NA,NA,0,9.59636974334717,0,0,0,14.3829202651978,0,0,0,0,0,1,0,20.8664817810059,8.64079570770264,0,48,36,35,17,12
"468",690,"Kuwait",2003,468,0,0,0,0,3,0,NA,NA,0,9.8215274810791,0,0,0,14.5429706573486,0,0,0,0,NA,0,0,20.8653202056885,8.92996120452881,1,35,24,22,15,12
"469",692,"Bahrain",2002,469,0,0,1,1,NA,0,NA,NA,0,9.42064666748047,0,0,0,13.3731374740601,0,1,0,0,1,0,0,20.9477596282959,7.96751356124878,0,46,34,33,13,6
"470",698,"Oman",2003,470,0,0,1,1,3,0,NA,NA,0,9.07179737091064,0,0,0,14.6496686935425,0,0,NA,0,1,0,NA,20.9529552459717,8.34774971008301,NA,35,24,22,15,12
"471",701,"Turkmenistan",1992,471,0,0,0,0,3,0,NA,NA,0,6.74234008789062,0,0,0,15.1432085037231,1,0,NA,0,1,0,NA,NA,7.91953611373901,0,52,29,29,12,6
"472",701,"Turkmenistan",1994,472,0,0,0,0,3,0,NA,NA,0,6.68012142181396,0,0,0,15.199782371521,0,0,0,0,1,0,0,20.8970508575439,7.35781812667847,0,40,28,28,17,10
"473",701,"Turkmenistan",1998,473,0,0,0,0,3,0,NA,NA,0,6.33692789077759,0,0,0,15.2824611663818,0,0,0,0,1,0,0,20.8828296661377,6.1726861000061,0,39,22,22,6,6
"474",701,"Turkmenistan",1999,474,0,0,1,0,3,0,NA,NA,0,6.38491773605347,0,0,0,15.2960443496704,0,0,1,0,1,0,0,20.8928146362305,5.83094692230225,0,48,36,35,17,12
"475",701,"Turkmenistan",2003,475,0,0,1,0,3,0,NA,NA,0,6.87728214263916,0,0,0,15.3415870666504,0,0,0,0,1,0,0,20.9098110198975,7.4985728263855,0,35,24,22,15,12
"476",702,"Tajikistan",1991,476,0,0,0,0,3,2,NA,NA,0,6.20620775222778,0,0,0,15.4838123321533,1,1,NA,0,1,0,NA,NA,-0.258740842342377,NA,32,13,13,0,0
"477",702,"Tajikistan",1994,477,0,0,1,1,3,0,NA,NA,0,5.68234443664551,0,0,0,15.5396909713745,1,0,1,0,1,0,0,20.8904819488525,0.425632357597351,0,40,28,28,17,10
"478",702,"Tajikistan",1995,478,0,0,1,1,2,0,NA,NA,0,5.46591329574585,0,1,1,15.5545454025269,0,0,1,0,1,0,0,20.9385547637939,-0.008554482832551,1,39,25,25,15,7
"479",702,"Tajikistan",1999,479,1,0,1,1,3,1,10,2.39789533615112,3.21887588500977,5.38912153244019,0,1,1,15.6118717193604,1,0,1,0,1,0,0,21.0392723083496,-0.36444029211998,1,48,36,35,17,12
"480",702,"Tajikistan",2000,480,0,0,1,1,3,1,NA,NA,0,5.18179035186768,0,1,1,15.6244983673096,0,0,1,1,1,0,1,20.999137878418,-0.15263831615448,1,45,35,33,11,5
"481",703,"Kyrgyz Republic",1991,481,0,0,0,0,3,2,NA,NA,0,6.4117283821106,0,0,0,15.2951135635376,1,0,NA,0,1,0,NA,NA,-0.387736260890961,NA,32,13,13,0,0
"482",703,"Kyrgyz Republic",1995,482,1,1,1,1,3,1,2,1.0986123085022,2.7725887298584,5.9197211265564,0,0,0,15.3229379653931,0,1,1,0,NA,0,NA,21.040132522583,1.1310555934906,1,39,25,25,15,7
"483",703,"Kyrgyz Republic",1995,483,1,1,NA,NA,2,1,2,1.0986123085022,2.7725887298584,5.9197211265564,0,0,0,15.3229379653931,1,1,0,0,1,0,0,21.040132522583,1.1310555934906,1,39,25,25,15,7
"484",703,"Kyrgyz Republic",2000,484,1,0,1,1,2,1,11,2.4849066734314,3.21887588500977,5.55315065383911,0,0,0,15.3925075531006,0,0,1,0,NA,0,1,21.1456928253174,0.936557114124298,1,45,35,33,11,5
"485",703,"Kyrgyz Republic",2000,485,1,0,1,1,3,1,19,2.99573230743408,3.21887588500977,5.55315065383911,0,0,0,15.3925075531006,1,0,1,1,1,0,1,21.1456928253174,0.936557114124298,1,45,35,33,11,5
"486",704,"Uzbekistan",1991,486,0,0,0,0,3,2,NA,NA,0,6.47915315628052,0,0,0,16.8364238739014,1,1,NA,0,1,0,NA,NA,5.44058847427368,NA,32,13,13,0,0
"487",704,"Uzbekistan",1994,487,1,0,0,0,3,0,2,1.0986123085022,2.7725887298584,6.39195966720581,0,0,0,16.9039134979248,0,0,1,0,1,0,0,20.8680591583252,5.35241317749023,1,40,28,28,17,10
"488",704,"Uzbekistan",1999,488,0,0,1,1,3,0,62,4.14313459396362,2.7725887298584,6.4348931312561,0,0,0,16.9956874847412,0,0,0,1,1,0,0,21.0271339416504,5.15712547302246,1,48,36,35,17,12
"489",704,"Uzbekistan",2000,489,0,0,1,1,3,0,NA,NA,0,6.55461597442627,0,1,0,17.0064678192139,1,0,0,0,1,0,0,21.0156211853027,5.29212093353271,0,45,35,33,11,5
"490",705,"Kazakhstan",1994,490,0,0,1,1,3,1,NA,NA,0,7.26784753799438,0,0,0,16.6085395812988,0,1,NA,1,1,0,NA,20.8771018981934,5.51287364959717,1,40,28,28,17,10
"491",705,"Kazakhstan",1995,491,0,0,0,0,1,1,NA,NA,0,7.18563079833984,0,0,0,16.5940322875977,1,0,1,0,1,0,1,20.9238605499268,5.26792001724243,0,39,25,25,15,7
"492",705,"Kazakhstan",1995,492,0,0,1,1,3,1,NA,NA,0,7.18563079833984,0,0,0,16.5940322875977,0,0,0,0,1,0,0,20.9238605499268,5.26792001724243,1,39,25,25,15,7
"493",705,"Kazakhstan",1999,493,0,0,1,1,3,1,NA,NA,0,7.29213428497314,0,0,0,16.5283031463623,1,0,1,0,1,1,1,21.0895748138428,5.33753395080566,1,48,36,35,17,12
"494",705,"Kazakhstan",1999,494,0,0,1,1,2,1,NA,NA,0,7.29213428497314,0,0,0,16.5283031463623,0,0,1,0,1,0,0,21.0895748138428,5.33753395080566,1,48,36,35,17,12
"495",712,"Mongolia",1990,495,0,0,1,1,3,0,NA,NA,0,7.41733741760254,0,0,0,14.5804433822632,0,1,0,0,1,1,0,20.8668041229248,-9.21034049987793,0,34,17,17,3,3
"496",712,"Mongolia",1992,496,0,0,1,1,3,1,NA,NA,0,6.97402620315552,0,0,0,14.615927696228,0,0,1,0,1,0,0,20.9397869110107,-9.21034049987793,0,52,29,29,12,6
"497",712,"Mongolia",1993,497,0,0,1,1,2,2,NA,NA,0,6.37181901931763,0,0,0,14.6272678375244,1,0,1,0,1,0,0,20.9913902282715,-9.21034049987793,0,42,30,29,17,8
"498",712,"Mongolia",1996,498,0,0,1,1,3,2,NA,NA,0,6.44523954391479,0,0,0,14.6510820388794,0,0,1,0,1,0,0,21.0391845703125,-9.21034049987793,0,46,33,33,14,11
"499",712,"Mongolia",1997,499,0,0,1,1,3,2,NA,NA,0,6.36080551147461,0,0,0,14.6593894958496,1,0,1,0,0,0,0,21.0469055175781,-9.21034049987793,0,42,25,25,10,9
"500",712,"Mongolia",2000,500,0,0,1,1,3,2,NA,NA,0,6.09275960922241,45,0,0,14.6863279342651,0,0,1,1,0,0,0,21.0828266143799,-0.674520552158356,0,45,35,33,11,5
"501",712,"Mongolia",2001,501,0,0,1,1,2,2,NA,NA,0,6.15586233139038,45,0,0,14.6957054138184,1,0,1,0,1,0,0,21.0799674987793,-0.363245278596878,0,34,24,24,10,6
"502",713,"Taiwan",1991,502,0,0,0,0,3,1,NA,NA,0,NA,28.2000007629395,0,0,NA,0,1,1,0,1,0,0,NA,2.09556007385254,0,32,13,13,0,0
"503",713,"Taiwan",1992,503,0,0,0,0,3,1,NA,NA,0,NA,28.2000007629395,0,0,NA,0,0,1,0,1,0,0,NA,1.91779923439026,0,52,29,29,12,6
"504",713,"Taiwan",1995,504,0,0,0,0,3,2,NA,NA,0,NA,36.0900001525879,0,0,NA,0,0,1,0,1,0,0,NA,1.40289258956909,0,39,25,25,15,7
"505",713,"Taiwan",1996,505,0,0,0,0,3,2,NA,NA,0,NA,36.0900001525879,0,0,NA,2,1,1,0,1,0,0,NA,1.37420129776001,0,46,33,33,14,11
"506",713,"Taiwan",1998,506,0,0,0,0,3,2,NA,NA,0,NA,45.7599983215332,0,0,NA,0,0,1,0,1,0,0,NA,1.30635213851929,0,39,22,22,6,6
"507",713,"Taiwan",2000,507,0,0,0,0,3,2,NA,NA,0,NA,43.4799995422363,0,0,NA,1,0,1,0,1,0,0,NA,1.13771557807922,0,45,35,33,11,5
"508",713,"Taiwan",2001,508,0,0,0,0,3,2,NA,NA,0,NA,43.4799995422363,0,0,NA,0,0,1,0,1,0,0,NA,1.56391775608063,0,34,24,24,10,6
"509",731,"North Korea",1990,509,0,0,0,0,3,0,NA,NA,0,NA,0,0,0,16.8032665252686,0,0,0,0,1,0,0,20.8704528808594,-9.21034049987793,NA,34,17,17,3,3
"510",731,"North Korea",1998,510,0,0,0,0,3,0,NA,NA,0,NA,0,0,0,16.9191417694092,0,0,0,0,1,0,0,20.97043800354,-9.21034049987793,NA,39,22,22,6,6
"511",731,"North Korea",2003,511,0,0,0,0,3,0,NA,NA,0,NA,0,0,0,16.9624423980713,0,0,0,0,1,0,0,21.1373672485352,-9.21034049987793,NA,35,24,22,15,12
"512",732,"South Korea",1992,512,0,0,0,0,3,2,NA,NA,0,8.87104225158691,66.0400009155273,0,0,17.5829238891602,0,0,1,0,0,0,0,20.9205741882324,-9.21034049987793,0,52,29,29,12,6
"513",732,"South Korea",1992,513,0,0,0,0,3,2,NA,NA,0,8.87104225158691,66.0400009155273,0,0,17.5829238891602,1,0,1,0,0,0,0,20.9205741882324,-9.21034049987793,0,52,29,29,12,6
"514",732,"South Korea",1996,514,0,0,0,0,3,2,NA,NA,0,9.34729957580566,59.9000015258789,0,0,17.6242370605469,0,1,1,0,0,0,0,20.8941478729248,-9.21034049987793,0,46,33,33,14,11
"515",732,"South Korea",1997,515,0,0,0,0,3,2,NA,NA,0,9.4132137298584,59.9000015258789,0,0,17.6337718963623,1,0,1,0,0,0,0,20.6976299285889,-9.21034049987793,0,42,25,25,10,9
"516",732,"South Korea",2000,516,0,0,1,1,3,2,NA,NA,0,9.16476154327393,34.5,0,0,17.6574764251709,0,0,1,0,0,0,0,20.8058319091797,-9.21034049987793,0,45,35,33,11,5
"517",732,"South Korea",2002,517,0,0,1,1,3,2,NA,NA,0,9.27377891540527,39,0,0,17.673225402832,1,0,1,0,0,0,0,20.7358169555664,-9.21034049987793,0,46,34,33,13,6
"518",750,"India",1991,518,0,0,0,0,3,2,NA,NA,0,5.92368125915527,60.5799980163574,0,1,20.5883445739746,0,0,1,0,1,0,0,21.9158115386963,2.38286209106445,1,32,13,13,0,0
"519",750,"India",1996,519,0,0,1,1,3,2,NA,NA,0,5.94043016433716,0,1,1,20.687105178833,0,0,1,0,0,0,0,21.8776416778564,1.99350905418396,0,46,33,33,14,11
"520",750,"India",1998,520,0,0,1,1,3,2,NA,NA,0,6.04719352722168,0,1,1,20.7238235473633,0,0,1,0,0,0,1,21.9332695007324,2.01392769813538,0,39,22,22,6,6
"521",750,"India",1999,521,0,0,1,1,3,2,NA,NA,0,6.04255056381226,0,1,1,20.7415676116943,0,0,1,0,1,1,1,21.9313354492188,1.67088401317596,0,48,36,35,17,12
"522",770,"Pakistan",1990,522,0,0,1,1,3,2,NA,NA,0,5.91303253173828,49.1900024414062,0,0,18.5033798217773,0,1,1,0,0,0,0,21.9746055603027,2.5359103679657,0,34,17,17,3,3
"523",770,"Pakistan",1993,523,0,0,1,1,3,2,NA,NA,0,6.02133178710938,42.370002746582,1,0,18.5862827301025,0,1,1,0,1,0,1,21.668327331543,2.86051273345947,0,42,30,29,17,8
"524",770,"Pakistan",1997,524,0,0,1,1,2,2,1,0.6931471824646,2.56494927406311,6.18276929855347,0,1,0,18.68869972229,0,1,1,0,0,0,0,21.6163692474365,2.67883443832397,0,42,25,25,10,9
"525",770,"Pakistan",2002,525,0,0,1,1,3,0,NA,NA,0,6.19449329376221,0,1,0,18.8097305297852,0,1,1,1,1,0,NA,22.0691738128662,3.32224559783936,0,46,34,33,13,6
"526",771,"Bangladesh",1991,526,0,0,1,1,3,1,NA,NA,0,5.65684032440186,0,1,0,18.4719066619873,0,1,1,0,0,0,0,22.1975154876709,1.607750415802,0,32,13,13,0,0
"527",771,"Bangladesh",1996,527,0,0,1,1,2,2,NA,NA,0,5.77742719650269,0,1,0,18.5818386077881,0,0,1,0,1,0,0,21.7369995117188,1.65812075138092,0,46,33,33,14,11
"528",771,"Bangladesh",1996,528,1,1,1,1,3,2,1,0.6931471824646,2.99573230743408,5.77742719650269,0,1,0,18.5818386077881,0,1,1,0,0,0,0,21.7369995117188,1.65812075138092,0,46,33,33,14,11
"529",771,"Bangladesh",2001,529,1,0,1,1,3,2,7,2.0794415473938,2.89037179946899,5.89616394042969,0,1,0,18.6799030303955,0,1,1,0,0,0,1,21.7701206207275,2.28228664398193,0,34,24,24,10,6
"530",775,"Myanmar (Burma)",1990,530,0,0,0,0,3,0,NA,NA,0,NA,0,0,0,17.4703578948975,0,1,0,0,1,0,0,21.0757236480713,1.90892779827118,NA,34,17,17,3,3
"531",780,"Sri Lanka",1994,531,0,0,1,1,3,1,NA,NA,0,6.37313842773438,46.0999984741211,1,0,16.6860198974609,0,0,1,0,0,1,0,21.4494018554688,-9.21034049987793,1,40,28,28,17,10
"532",780,"Sri Lanka",1994,532,0,0,1,1,3,1,NA,NA,0,6.37313842773438,46.0999984741211,1,0,16.6860198974609,1,0,1,0,0,0,0,21.4494018554688,-9.21034049987793,1,40,28,28,17,10
"533",780,"Sri Lanka",1999,533,0,0,1,1,3,1,NA,NA,0,6.73444175720215,0,0,0,16.7485160827637,1,0,1,0,1,1,0,21.2750854492188,-9.21034049987793,1,48,36,35,17,12
"534",780,"Sri Lanka",2000,534,0,0,1,1,3,1,NA,NA,0,6.71124935150146,0,0,0,16.7628917694092,0,0,1,0,0,0,1,21.1220149993896,-9.21034049987793,1,45,35,33,11,5
"535",780,"Sri Lanka",2001,535,0,0,1,1,3,1,2,1.0986123085022,2.89037179946899,6.75101566314697,0,0,0,16.7653026580811,0,0,1,0,1,1,0,21.132776260376,-9.21034049987793,0,34,24,24,10,6
"536",790,"Nepal",1991,536,0,0,1,1,3,1,NA,NA,0,5.24761867523193,0,0,0,16.7642078399658,0,1,0,0,0,0,0,21.304027557373,-9.21034049987793,0,32,13,13,0,0
"537",790,"Nepal",1994,537,0,0,1,1,3,1,NA,NA,0,5.18254232406616,56.7999992370605,0,0,16.8381977081299,0,0,1,1,0,1,0,21.2222938537598,-9.21034049987793,0,40,28,28,17,10
"538",790,"Nepal",1999,538,1,0,1,1,3,1,3,1.3862943649292,3.21887588500977,5.34150075912476,31.7999992370605,1,0,16.9620323181152,0,0,1,1,0,0,0,21.2643737792969,-9.21034049987793,0,48,36,35,17,12
"539",800,"Thailand",1992,539,0,0,1,1,3,1,NA,NA,0,7.43965816497803,38.2999992370605,0,0,17.8709678649902,0,0,1,0,1,0,0,21.498908996582,3.33377981185913,NA,52,29,29,12,6
"540",800,"Thailand",1992,540,0,0,1,1,3,1,NA,NA,0,7.43965816497803,38.2999992370605,0,0,17.8709678649902,0,0,1,0,0,0,0,21.498908996582,3.33377981185913,0,52,29,29,12,6
"541",800,"Thailand",1995,541,0,0,1,1,3,2,NA,NA,0,7.80002307891846,0,0,0,17.8951930999756,0,0,1,0,0,1,0,21.3234195709229,3.06094717979431,0,39,25,25,15,7
"542",800,"Thailand",1996,542,0,0,1,1,3,2,NA,NA,0,7.9433331489563,0,0,0,17.9040069580078,0,0,1,1,1,1,1,21.4182662963867,3.11822748184204,1,46,33,33,14,11
"543",800,"Thailand",2000,543,0,0,0,0,2,2,NA,NA,0,7.58322095870972,0,0,0,17.9492149353027,0,0,1,0,NA,0,0,21.575511932373,3.51619267463684,0,45,35,33,11,5
"544",800,"Thailand",2001,544,0,0,0,0,3,2,NA,NA,0,7.57211065292358,0,0,0,17.9611034393311,0,0,1,0,0,0,0,21.3858203887939,4.15333557128906,1,34,24,24,10,6
"545",811,"Cambodia",1993,545,0,0,1,1,NA,1,NA,NA,0,NA,0,1,1,16.1384620666504,0,1,0,0,1,0,0,21.0817718505859,-9.21034049987793,0,42,30,29,17,8
"546",811,"Cambodia",1998,546,1,0,1,1,3,0,9,2.30258512496948,2.56494927406311,5.68196773529053,0,1,0,16.2777614593506,0,0,1,0,1,0,0,21.205099105835,-9.21034049987793,1,39,22,22,6,6
"547",811,"Cambodia",2003,547,1,1,1,1,3,1,29,3.40119743347168,2.89037179946899,5.80967712402344,14.3000001907349,1,0,16.3684825897217,0,0,1,0,1,0,0,21.3422546386719,-9.21034049987793,1,35,24,22,15,12
"548",812,"Laos",1992,548,0,0,0,0,3,0,NA,NA,0,5.47397327423096,0,1,0,15.2769927978516,0,0,0,0,1,0,0,21.0229549407959,-9.21034049987793,0,52,29,29,12,6
"549",812,"Laos",1997,549,0,0,0,0,3,0,NA,NA,0,5.94479703903198,0,1,0,15.4063692092896,0,0,0,0,1,0,0,21.1712226867676,-9.21034049987793,NA,42,25,25,10,9
"550",812,"Laos",2002,550,0,0,0,0,3,0,NA,NA,0,5.78990650177002,0,0,0,15.5035581588745,0,0,0,0,1,0,0,21.1425952911377,-9.21034049987793,NA,46,34,33,13,6
"551",818,"Democratic Republic of Vietnam",1992,551,0,0,0,0,3,0,NA,NA,0,4.96260595321655,0,0,0,18.0238151550293,0,0,0,0,1,0,0,21.1030158996582,2.45666527748108,0,52,29,29,12,6
"552",818,"Democratic Republic of Vietnam",1997,552,0,0,0,0,3,0,NA,NA,0,5.82023143768311,0,0,0,18.1081142425537,0,0,0,0,1,0,0,21.5799465179443,3.01634812355042,0,42,25,25,10,9
"553",818,"Democratic Republic of Vietnam",2002,553,0,0,0,0,3,0,NA,NA,0,6.03003883361816,0,0,0,18.1801490783691,0,0,0,0,1,0,0,21.9154319763184,3.72860932350159,1,46,34,33,13,6
"554",820,"Malaysia",1990,554,0,0,1,1,3,1,NA,NA,0,7.69358825683594,42.7200012207031,0,0,16.6893482208252,0,0,1,0,1,0,0,21.0379238128662,5.94808387756348,0,34,17,17,3,3
"555",820,"Malaysia",1995,555,0,0,0,0,2,1,NA,NA,0,8.21234512329102,0,0,0,16.8214626312256,0,0,1,0,1,1,0,20.94606590271,5.77175426483154,0,39,25,25,15,7
"556",820,"Malaysia",1999,556,0,0,0,0,3,1,NA,NA,0,8.08126068115234,0,0,0,16.9211025238037,0,0,1,0,1,1,0,21.0667839050293,5.71358585357666,0,48,36,35,17,12
"557",830,"Singapore",1991,557,0,0,0,0,3,1,NA,NA,0,9.37969589233398,38.7200012207031,0,0,14.9296684265137,0,0,1,0,1,1,0,20.8553028106689,-9.21034049987793,0,32,13,13,0,0
"558",830,"Singapore",1993,558,0,0,1,1,3,1,NA,NA,0,9.62775897979736,26.2600002288818,0,0,14.9882097244263,1,1,1,0,1,0,0,20.881175994873,-9.21034049987793,0,42,30,29,17,8
"559",830,"Singapore",1997,559,0,0,0,0,3,1,NA,NA,0,10.1579656600952,26.2600002288818,0,0,15.1158933639526,0,0,0,0,1,0,0,20.8727722167969,-9.21034049987793,0,42,25,25,10,9
"560",830,"Singapore",2001,560,0,0,0,0,3,1,NA,NA,0,10.078052520752,63.4400024414062,0,0,15.2087554931641,0,0,1,0,1,1,0,20.8583393096924,-9.21034049987793,0,34,24,24,10,6
"561",840,"Philippines",1992,561,0,0,0,0,3,2,NA,NA,0,6.57818937301636,0,1,0,17.960973739624,2,0,1,0,NA,0,0,21.7018547058105,-0.728516697883606,0,52,29,29,12,6
"562",840,"Philippines",1995,562,1,1,0,0,3,2,30,3.43398714065552,3.36729574203491,6.85282707214355,27.5,1,0,18.0306415557861,0,0,1,0,NA,0,0,21.6067562103271,-0.916405141353607,1,39,25,25,15,7
"563",840,"Philippines",1998,563,0,0,0,0,2,2,NA,NA,0,7.03608465194702,10.5900001525879,1,0,18.0980911254883,2,0,1,0,NA,0,0,21.4463787078857,-2.98881363868713,0,39,22,22,6,6
"564",840,"Philippines",2001,564,0,0,0,0,2,2,NA,NA,0,6.9547061920166,4.15000009536743,1,0,18.1633338928223,0,0,1,0,NA,0,0,21.3702793121338,-1.92466855049133,0,34,24,24,10,6
"565",850,"Indonesia",1992,565,0,0,0,0,3,0,NA,NA,0,6.52757549285889,15.9499998092651,1,0,19.0490322113037,0,0,1,0,1,0,0,22.049352645874,4.76574802398682,0,52,29,29,12,6
"566",850,"Indonesia",1997,566,0,0,1,1,3,0,NA,NA,0,7.02479314804077,17,1,0,19.1250495910645,0,0,1,0,1,0,0,21.5980262756348,4.58514499664307,1,42,25,25,10,9
"567",850,"Indonesia",1999,567,1,1,1,1,2,1,4,1.60943794250488,3.21887588500977,6.12954616546631,22.6599998474121,1,0,19.1522750854492,0,0,1,0,0,0,1,21.7699565887451,4.24101257324219,1,48,36,35,17,12
"568",910,"Papua New Guinea",1992,568,0,0,1,1,3,1,NA,NA,0,6.78979253768921,66.5,1,0,15.2651405334473,0,0,1,0,1,0,0,21.3410968780518,-9.21034049987793,0,52,29,29,12,6
"569",910,"Papua New Guinea",1997,569,0,0,1,1,3,1,NA,NA,0,6.97075843811035,0,1,0,15.3925685882568,0,0,1,0,1,0,0,21.2790222167969,5.13551378250122,0,42,25,25,10,9
"570",910,"Papua New Guinea",2002,570,0,0,1,1,3,1,NA,NA,0,6.32489728927612,19.8999996185303,1,0,15.5236320495605,0,0,1,0,0,0,0,21.1947498321533,4.70816516876221,1,46,34,33,13,6
"571",950,"Fiji",1992,571,0,0,0,0,3,1,NA,NA,0,7.54014873504639,0,0,0,13.5079822540283,0,1,1,0,0,0,0,20.9219779968262,-9.21034049987793,0,52,29,29,12,6
"572",950,"Fiji",1994,572,0,0,0,0,3,1,NA,NA,0,7.68072128295898,0,0,0,13.5344476699829,0,0,1,0,0,1,0,20.9389247894287,-9.21034049987793,0,40,28,28,17,10
"573",950,"Fiji",1999,573,0,0,0,0,3,1,NA,NA,0,7.63492202758789,0,0,0,13.593222618103,0,0,1,0,1,0,0,20.909273147583,-9.21034049987793,0,48,36,35,17,12
"574",950,"Fiji",2001,574,0,0,1,1,3,1,2,1.0986123085022,2.89037179946899,7.63759469985962,0,0,0,13.6069078445435,0,0,1,0,1,1,0,20.8977069854736,-9.21034049987793,0,34,24,24,10,6
